setpoint[rad],position[rad],velocity[rad/s],current[mA],delta_t[ms],acceleration[rad/s^2]
0.00,2.95,0.00,0.00,1.01,nan
0.00,2.95,0.00,-384.67,0.96,nan
0.00,2.94,0.00,-1659.73,2.56,nan
0.00,2.93,0.00,-1218.57,2.50,nan
0.00,2.92,-0.07,-798.93,2.49,nan
0.00,2.90,-0.17,-511.10,2.51,nan
0.00,2.89,-0.34,-338.94,2.48,nan
0.00,2.87,-0.50,-236.72,2.50,nan
0.00,2.85,-0.82,-172.16,2.52,nan
0.00,2.83,-1.06,-115.67,2.47,nan
0.00,2.81,-1.44,-94.15,2.56,nan
0.00,2.79,-1.75,-83.39,2.44,nan
0.00,2.77,-2.23,-69.94,2.53,nan
0.00,2.75,-2.57,-53.80,2.47,nan
0.00,2.73,-3.09,-59.18,2.53,nan
0.00,2.72,-3.48,-53.80,2.47,nan
0.00,2.70,-4.03,-43.04,2.52,nan
0.00,2.68,-4.39,-45.73,2.47,nan
0.00,2.66,-4.87,-51.11,2.50,nan
0.00,2.64,-5.16,-37.66,2.50,nan
0.00,2.62,-5.56,-43.04,2.55,nan
0.00,2.60,-5.78,-53.80,2.45,nan
0.00,2.58,-6.09,-37.66,2.51,nan
0.00,2.56,-6.26,-40.35,2.50,nan
0.00,2.54,-6.50,-48.42,2.50,nan
0.00,2.52,-6.64,-45.73,2.50,nan
0.00,2.50,-6.81,-40.35,2.50,nan
0.00,2.48,-6.91,-45.73,2.51,nan
0.00,2.46,-7.03,-45.73,2.50,nan
0.00,2.44,-7.10,-37.66,2.50,nan
0.00,2.43,-7.19,-45.73,2.53,nan
0.00,2.41,-7.27,-45.73,2.47,nan
0.00,2.39,-7.34,-34.97,2.49,nan
0.00,2.37,-7.39,-40.35,2.50,nan
0.00,2.35,-7.43,-48.42,2.50,nan
0.00,2.33,-7.46,-34.97,2.50,nan
0.00,2.31,-7.51,-37.66,2.50,nan
0.00,2.29,-7.53,-48.42,2.50,nan
0.00,2.27,-7.55,-34.97,2.50,nan
0.00,2.25,-7.58,-37.66,2.51,nan
0.00,2.23,-7.60,-51.11,2.53,nan
0.00,2.21,-7.63,-43.04,2.46,nan
0.00,2.19,-7.65,-37.66,2.54,nan
0.00,2.17,-7.65,-45.73,2.46,nan
0.00,2.15,-7.67,-45.73,2.50,nan
0.00,2.13,-7.67,-37.66,2.50,nan
0.00,2.12,-7.70,-45.73,2.55,nan
0.00,2.10,-7.70,-45.73,2.57,nan
0.00,2.08,-7.70,-37.66,2.38,nan
0.00,2.06,-7.72,-40.35,2.49,nan
0.00,2.04,-7.72,-51.11,2.50,nan
0.00,2.02,-7.72,-37.66,2.50,nan
0.00,2.00,-7.75,-40.35,2.51,nan
0.00,1.98,-7.75,-51.11,2.50,nan
0.00,1.96,-7.77,-37.66,2.49,nan
0.00,1.94,-7.77,-37.66,2.49,nan
0.00,1.92,-7.77,-45.73,2.54,nan
0.00,1.90,-7.77,-40.35,2.46,nan
0.00,1.88,-7.79,-34.97,2.50,nan
0.00,1.86,-7.79,-45.73,2.53,nan
0.00,1.84,-7.79,-43.04,2.49,nan
0.00,1.82,-7.79,-34.97,2.48,nan
0.00,1.81,-7.79,-45.73,2.50,nan
0.00,1.79,-7.79,-45.73,2.50,nan
0.00,1.76,-7.79,-40.35,2.66,nan
0.00,1.75,-7.82,-43.04,2.35,nan
0.00,1.73,-7.82,-48.42,2.49,nan
0.00,1.71,-7.82,-34.97,2.52,nan
0.00,1.69,-7.82,-37.66,2.52,nan
0.00,1.67,-7.82,-48.42,2.47,nan
0.00,1.65,-7.79,-34.97,2.50,nan
0.00,1.63,-7.79,-37.66,2.50,nan
0.00,1.61,-7.82,-48.42,2.56,nan
0.00,1.59,-7.82,-40.35,2.44,nan
0.00,1.57,-7.82,-34.97,2.53,nan
0.00,1.56,-7.82,-45.73,2.47,nan
0.00,1.54,-7.79,-43.04,2.50,nan
0.00,1.52,-7.79,-34.97,2.53,nan
0.00,1.50,-7.79,-43.04,2.50,nan
0.00,1.48,-7.79,-43.04,2.48,nan
0.00,1.46,-7.79,-34.97,2.53,nan
0.00,1.44,-7.79,-43.04,2.48,nan
0.00,1.42,-7.79,-45.73,2.48,nan
0.00,1.40,-7.79,-34.97,2.52,nan
0.00,1.38,-7.79,-40.35,2.50,nan
0.00,1.36,-7.79,-51.11,2.49,nan
0.00,1.34,-7.79,-37.66,2.51,nan
0.00,1.32,-7.79,-45.73,2.73,nan
0.00,1.30,-7.79,-48.42,2.27,nan
0.00,1.28,-7.82,-40.35,2.49,nan
0.00,1.26,-7.82,-37.66,2.51,nan
0.00,1.24,-7.82,-45.73,2.48,nan
0.00,1.22,-7.82,-45.73,2.50,nan
0.00,1.20,-7.82,-34.97,2.51,nan
0.00,1.18,-7.82,-45.73,2.52,nan
0.00,1.17,-7.82,-43.04,2.47,nan
0.00,1.15,-7.82,-34.97,2.51,nan
0.00,1.13,-7.82,-40.35,2.49,nan
0.00,1.11,-7.82,-45.73,2.52,nan
0.00,1.09,-7.82,-34.97,2.48,nan
0.00,1.07,-7.82,-37.66,2.51,nan
0.00,1.05,-7.82,-48.42,2.47,nan
0.00,1.03,-7.82,-32.28,2.52,nan
0.00,1.01,-7.82,-34.97,2.47,nan
0.00,0.98,-7.82,-40.35,2.58,nan
0.00,0.97,-7.82,-34.97,2.44,nan
0.00,0.95,-7.82,-34.97,2.52,nan
0.00,0.93,-7.82,-45.73,2.46,nan
0.00,0.91,-7.82,-34.97,2.60,nan
0.00,0.89,-7.82,-34.97,2.40,nan
0.00,0.87,-7.82,-43.04,2.82,nan
0.00,0.85,-7.79,-43.04,2.19,nan
2.55,0.83,-7.79,-34.97,2.52,nan
2.55,0.82,-7.79,3026.25,2.48,nan
2.55,0.81,-7.75,2794.91,2.52,nan
2.55,0.82,-7.70,1837.27,2.47,nan
2.55,0.83,-7.48,1172.84,2.50,nan
2.55,0.84,-7.27,739.75,2.50,nan
2.55,0.86,-6.83,476.13,2.52,nan
2.55,0.88,-6.45,312.04,2.48,nan
2.55,0.89,-5.78,199.06,2.52,nan
2.55,0.91,-5.25,131.81,2.49,nan
2.55,0.93,-4.39,102.22,2.54,nan
2.55,0.95,-3.76,75.32,2.46,nan
2.55,0.97,-2.76,53.80,2.58,nan
2.55,0.99,-2.04,45.73,2.47,nan
2.55,1.01,-0.91,45.73,2.46,nan
2.55,1.09,2.54,24.21,2.85,nan
2.55,1.11,3.36,32.28,9.88,nan
2.55,1.13,3.84,29.59,2.60,nan
2.55,1.15,4.46,18.83,2.60,nan
2.55,1.17,4.82,26.90,2.40,nan
2.55,1.19,5.30,34.97,2.49,nan
2.55,1.21,5.71,32.28,3.59,nan
2.55,1.23,5.95,26.90,1.41,nan
2.55,1.25,6.14,32.28,2.50,nan
2.55,1.30,6.71,18.83,6.30,nan
2.55,1.30,6.71,26.90,0.86,nan
2.55,1.31,6.76,24.21,0.93,nan
2.55,1.32,6.88,24.21,1.89,nan
2.55,1.35,7.07,32.28,3.29,nan
2.55,1.36,7.12,32.28,1.72,nan
2.55,1.38,7.24,26.90,2.51,nan
2.55,1.40,7.29,21.52,2.52,nan
2.55,1.42,7.39,29.59,2.47,nan
2.55,1.44,7.43,29.59,2.49,nan
2.55,1.46,7.48,18.83,2.51,nan
2.55,1.48,7.53,26.90,2.58,nan
2.55,1.50,7.55,32.28,2.41,nan
3.52,1.52,7.58,18.83,2.49,nan
3.52,1.54,7.63,26.90,2.51,nan
3.52,1.56,7.65,32.28,2.50,nan
3.52,1.58,7.67,21.52,2.49,nan
3.52,1.60,7.67,24.21,2.51,nan
3.52,1.61,7.70,32.28,2.50,nan
3.52,1.63,7.70,24.21,2.54,nan
3.52,1.65,7.72,18.83,2.49,nan
3.52,1.67,7.75,32.28,2.47,nan
3.52,1.69,7.75,24.21,2.50,nan
3.52,1.71,7.77,21.52,2.52,nan
3.52,1.73,7.77,29.59,2.49,nan
3.52,1.75,7.79,26.90,2.51,nan
3.52,1.77,7.79,18.83,2.49,nan
3.52,1.79,7.79,24.21,2.49,nan
3.52,1.81,7.82,32.28,2.50,nan
3.52,1.83,7.82,18.83,2.50,nan
3.52,1.85,7.84,26.90,2.56,nan
3.52,1.87,7.84,32.28,2.44,nan
3.52,1.89,7.84,21.52,2.54,nan
3.52,1.91,7.84,26.90,2.46,nan
3.52,1.92,7.84,34.97,2.52,nan
3.52,1.94,7.87,24.21,2.52,nan
3.52,1.96,7.87,21.52,2.46,nan
3.52,1.98,7.87,29.59,2.56,nan
3.52,2.00,7.87,24.21,2.44,nan
3.52,2.02,7.87,18.83,2.57,nan
3.52,2.04,7.87,29.59,2.45,nan
3.52,2.06,7.87,29.59,2.47,nan
3.52,2.08,7.87,18.83,2.52,nan
3.52,2.10,7.87,24.21,2.53,nan
3.52,2.12,7.87,29.59,2.49,nan
3.52,2.14,7.87,18.83,2.46,nan
3.52,2.16,7.87,26.90,2.50,nan
3.52,2.18,7.87,34.97,2.53,nan
3.52,2.20,7.84,21.52,2.50,nan
3.52,2.22,7.84,24.21,2.46,nan
3.52,2.24,7.84,32.28,2.50,nan
3.52,2.26,7.84,24.21,2.50,nan
3.52,2.28,7.84,21.52,2.53,nan
3.52,2.29,7.84,32.28,2.52,nan
3.52,2.31,7.82,24.21,2.47,nan
3.52,2.33,7.82,21.52,2.51,nan
3.52,2.35,7.82,29.59,2.46,nan
3.52,2.37,7.82,26.90,2.50,nan
3.52,2.39,7.79,18.83,2.53,nan
3.52,2.41,7.79,26.90,2.50,nan
3.52,2.43,7.77,32.28,2.50,nan
3.52,2.45,7.77,18.83,2.50,nan
3.52,2.47,7.77,26.90,2.47,nan
3.52,2.49,7.77,32.28,2.54,nan
3.52,2.51,7.77,21.52,2.49,nan
2.55,2.53,7.75,24.21,2.46,nan
2.55,2.54,7.75,-3012.80,2.53,nan
2.55,2.55,7.72,-1326.17,2.50,nan
2.55,2.55,7.65,-282.45,2.50,nan
2.55,2.55,7.53,-204.44,2.50,nan
2.55,2.55,7.31,-193.68,2.50,nan
2.55,2.55,7.12,-156.02,2.54,nan
2.55,2.55,6.79,-121.05,2.46,nan
2.55,2.55,6.52,-69.94,2.47,nan
2.55,2.55,6.09,-43.04,2.53,nan
2.55,2.55,5.76,5.38,2.50,nan
2.55,2.55,5.25,34.97,2.48,nan
2.55,2.55,4.87,18.83,2.57,nan
2.55,2.55,4.29,5.38,2.44,nan
2.55,2.55,3.91,0.00,2.51,nan
2.55,2.55,3.33,0.00,2.49,nan
2.55,2.55,2.97,0.00,2.50,nan
2.55,2.55,2.49,0.00,2.48,nan
2.55,2.55,2.23,0.00,2.51,nan
2.55,2.55,1.85,0.00,2.50,nan
2.55,2.55,1.63,0.00,2.48,nan
2.55,2.55,1.34,0.00,2.51,nan
2.55,2.55,1.20,0.00,2.51,nan
2.55,2.55,0.98,0.00,2.48,nan
2.55,2.55,0.86,0.00,2.52,nan
2.55,2.55,0.72,0.00,2.48,nan
2.55,2.55,0.65,0.00,2.50,nan
2.55,2.55,0.53,2.69,2.49,nan
2.55,2.55,0.48,0.00,2.55,nan
2.55,2.55,0.38,0.00,2.46,nan
2.55,2.55,0.34,0.00,2.52,nan
2.55,2.55,0.29,0.00,2.48,nan
2.55,2.55,0.24,0.00,2.52,nan
2.55,2.55,0.19,0.00,5.25,nan
2.55,2.55,0.17,0.00,0.92,nan
2.55,2.55,0.14,0.00,1.28,nan
2.55,2.55,0.12,0.00,2.50,nan
2.55,2.55,0.10,0.00,2.51,nan
2.55,2.55,0.10,0.00,2.78,nan
2.55,2.55,0.07,0.00,2.24,nan
2.55,2.55,0.07,0.00,2.52,nan
2.55,2.55,0.05,0.00,2.49,nan
2.55,2.55,0.05,0.00,2.49,nan
2.55,2.55,0.02,0.00,2.79,nan
2.55,2.55,0.02,0.00,2.86,nan
2.55,2.55,0.02,0.00,1.85,nan
2.55,2.55,0.02,0.00,2.58,nan
2.55,2.55,0.02,0.00,2.48,nan
2.55,2.55,0.00,-16.14,2.47,nan
2.55,2.55,0.00,0.00,2.55,nan
2.55,2.55,0.00,0.00,2.43,nan
2.55,2.55,0.00,0.00,2.47,nan
3.16,2.55,0.00,0.00,2.52,nan
3.16,2.55,0.00,1522.54,2.47,nan
3.16,2.56,0.00,1406.87,2.50,nan
3.16,2.57,0.05,930.74,2.49,nan
3.16,2.59,0.12,599.87,2.51,nan
3.16,2.61,0.29,387.36,2.49,nan
3.16,2.62,0.43,250.17,2.50,nan
3.16,2.64,0.70,161.40,2.50,nan
3.16,2.66,0.94,121.05,2.51,nan
3.16,2.68,1.32,94.15,2.50,nan
3.16,2.70,1.61,61.87,2.50,nan
3.16,2.72,2.06,48.42,2.50,nan
3.16,2.74,2.40,48.42,2.50,nan
3.16,2.76,2.93,40.35,2.50,nan
3.16,2.77,3.31,29.59,2.50,nan
3.16,2.79,3.86,34.97,2.50,nan
3.16,2.81,4.22,32.28,2.50,nan
3.16,2.83,4.72,21.52,2.50,nan
3.16,2.85,5.04,29.59,2.51,nan
3.16,2.87,5.44,34.97,2.50,nan
3.16,2.89,5.68,21.52,2.50,nan
3.16,2.91,6.00,24.21,2.51,nan
3.16,2.93,6.19,32.28,2.50,nan
3.16,2.95,6.43,21.52,2.50,nan
3.16,2.97,6.57,24.21,2.50,nan
3.16,2.99,6.74,32.28,2.50,nan
3.16,3.01,6.86,24.21,2.50,nan
3.16,3.03,6.98,21.52,2.50,nan
3.16,3.05,7.05,32.28,2.50,nan
3.16,3.07,7.15,24.21,2.50,nan
3.16,3.09,7.22,21.52,2.50,nan
3.16,3.10,7.29,29.59,2.50,nan
3.16,3.12,7.34,-217.89,2.51,nan
3.16,3.14,7.39,-796.24,2.49,nan
3.16,3.15,7.39,-1084.07,2.50,nan
3.16,3.16,7.39,-1170.15,2.51,nan
3.16,3.17,7.36,-1016.82,2.49,nan
3.16,3.17,7.24,-728.99,2.52,nan
3.16,3.17,7.12,-478.82,2.55,nan
3.16,3.17,6.86,-220.58,2.51,nan
3.16,3.16,6.64,-75.32,2.48,nan
3.16,3.16,6.24,78.01,2.46,nan
3.16,3.16,5.95,131.81,2.50,nan
3.16,3.16,5.44,129.12,2.49,nan
3.16,3.16,5.08,145.26,2.49,nan
3.16,3.16,4.51,137.19,2.50,nan
3.16,3.16,4.12,86.08,2.50,nan
3.16,3.16,3.53,43.04,2.51,nan
3.16,3.16,3.14,-8.07,2.51,nan
3.16,3.16,2.61,-8.07,2.49,nan
3.16,3.16,2.30,-51.11,2.54,nan
3.16,3.16,1.87,-24.21,2.46,nan
3.55,3.16,1.63,-10.76,2.49,nan
3.55,3.16,1.32,1549.44,2.53,nan
3.55,3.17,1.15,1396.11,2.52,nan
3.55,3.18,1.01,925.36,2.48,nan
3.55,3.20,0.96,591.80,2.52,nan
3.55,3.21,0.98,379.29,2.51,nan
3.55,3.23,1.06,242.10,2.47,nan
3.55,3.25,1.22,169.47,2.50,nan
3.55,3.27,1.39,123.74,2.47,nan
3.55,3.29,1.70,86.08,2.54,nan
3.55,3.31,1.94,59.18,2.47,nan
3.55,3.33,2.33,53.80,2.53,nan
3.55,3.34,2.64,48.42,2.52,nan
3.55,3.37,3.12,29.59,2.45,nan
3.55,3.38,3.45,34.97,2.53,nan
3.55,3.40,3.98,37.66,2.48,nan
3.55,3.42,4.32,24.21,2.51,nan
3.55,3.44,4.80,29.59,2.54,nan
3.55,3.46,5.08,37.66,2.44,nan
3.55,3.48,5.47,24.21,2.53,nan
3.55,3.50,5.71,21.52,2.50,nan
3.55,3.52,6.00,-363.15,2.51,nan
3.55,3.53,6.19,-919.98,2.53,nan
3.55,3.55,6.38,-1159.39,2.46,nan
3.55,3.55,6.47,-1183.60,2.47,nan
3.55,3.56,6.57,-919.98,2.56,nan
3.55,3.56,6.55,-672.50,2.45,nan
3.55,3.56,6.45,-425.02,2.50,nan
3.55,3.56,6.33,-207.13,2.50,nan
3.55,3.55,6.04,-8.07,2.50,nan
3.55,3.55,5.83,51.11,2.52,nan
3.55,3.55,5.42,131.81,2.47,nan
3.55,3.55,5.11,153.33,2.51,nan
3.55,3.55,4.60,118.36,2.47,nan
3.55,3.55,4.27,88.77,2.51,nan
3.55,3.55,3.72,59.18,2.50,nan
3.55,3.55,3.33,53.80,2.50,nan
3.55,3.55,2.78,13.45,2.53,nan
3.55,3.55,2.45,-40.35,2.49,nan
3.55,3.55,2.01,-32.28,2.49,nan
3.55,3.55,1.75,-18.83,2.48,nan
3.55,3.55,1.41,-10.76,2.52,nan
3.55,3.55,1.22,-5.38,2.57,nan
3.55,3.55,0.98,-2.69,2.45,nan
3.55,3.55,0.86,-2.69,2.49,nan
3.55,3.55,0.72,-2.69,2.49,nan
3.55,3.55,0.62,-2.69,2.50,nan
3.55,3.55,0.53,-2.69,2.50,nan
3.55,3.55,0.48,-2.69,2.49,nan
3.55,3.55,0.41,-2.69,2.52,nan
3.55,3.55,0.36,-2.69,2.52,nan
3.55,3.55,0.29,-2.69,2.49,nan
3.16,3.55,0.26,-2.69,2.50,nan
3.16,3.55,0.22,-1541.37,2.46,nan
3.16,3.54,0.17,-1428.39,2.54,nan
3.16,3.53,0.10,-957.64,2.50,nan
3.16,3.51,0.02,-624.08,2.46,nan
3.16,3.50,-0.14,-408.88,2.53,nan
3.16,3.48,-0.31,-263.62,2.50,nan
3.16,3.46,-0.60,-182.92,2.51,nan
3.16,3.44,-0.82,-145.26,2.52,nan
3.16,3.43,-1.22,-107.60,2.48,nan
3.16,3.41,-1.51,-78.01,2.52,nan
3.16,3.39,-1.97,-67.25,2.46,nan
3.16,3.37,-2.30,-69.94,2.49,nan
3.16,3.35,-2.83,-45.73,2.53,nan
3.16,3.33,-3.19,-45.73,2.54,nan
3.16,3.31,-3.74,-53.80,2.46,nan
3.16,3.29,-4.10,-43.04,2.47,nan
3.16,3.27,-4.60,-40.35,2.52,nan
3.16,3.25,-4.92,-48.42,2.53,nan
3.16,3.23,-5.32,-45.73,2.45,nan
3.16,3.21,-5.56,-37.66,2.50,nan
3.16,3.19,-5.90,325.49,2.52,nan
3.16,3.18,-6.07,898.46,2.53,nan
3.16,3.16,-6.31,1156.70,2.46,nan
3.16,3.16,-6.40,1159.39,2.53,nan
3.16,3.15,-6.50,946.88,2.47,nan
3.16,3.15,-6.50,659.05,2.50,nan
3.16,3.15,-6.43,438.47,2.50,nan
3.16,3.15,-6.31,204.44,2.55,nan
3.16,3.16,-6.04,45.73,2.44,nan
3.16,3.16,-5.83,-75.32,2.54,nan
3.16,3.16,-5.44,-118.36,2.54,nan
3.16,3.16,-5.13,-153.33,2.50,nan
3.16,3.16,-4.65,-126.43,2.42,nan
3.16,3.16,-4.29,-112.98,2.55,nan
3.16,3.16,-3.74,-56.49,2.47,nan
3.16,3.16,-3.38,-43.04,2.47,nan
3.16,3.16,-2.83,-2.69,2.53,nan
3.16,3.16,-2.49,18.83,2.50,nan
3.16,3.16,-2.04,10.76,2.50,nan
3.16,3.16,-1.77,2.69,2.47,nan
3.16,3.16,-1.44,0.00,2.52,nan
3.16,3.16,-1.25,0.00,2.50,nan
3.16,3.16,-1.01,0.00,2.50,nan
3.16,3.16,-0.89,0.00,2.48,nan
3.16,3.16,-0.72,0.00,2.50,nan
3.16,3.16,-0.65,0.00,2.51,nan
3.16,3.16,-0.53,0.00,2.51,nan
3.16,3.16,-0.48,0.00,2.50,nan
3.16,3.16,-0.41,0.00,2.53,nan
3.16,3.16,-0.36,0.00,2.46,nan
3.16,3.16,-0.29,-8.07,2.49,nan
2.85,3.16,-0.26,0.00,2.49,nan
2.85,3.16,-0.22,-1527.92,2.53,nan
2.85,3.15,-0.19,-1406.87,2.48,nan
2.85,3.14,-0.22,-933.43,2.51,nan
2.85,3.12,-0.26,-605.25,2.51,nan
2.85,3.11,-0.41,-395.43,2.49,nan
2.85,3.09,-0.53,-274.38,2.49,nan
2.85,3.07,-0.79,-190.99,2.51,nan
2.85,3.05,-1.01,-126.43,2.47,nan
2.85,3.04,-1.37,-96.84,2.54,nan
2.85,3.02,-1.63,-91.46,2.47,nan
2.85,3.00,-2.09,-75.32,2.51,nan
2.85,2.98,-2.42,-56.49,2.56,nan
2.85,2.96,-2.95,-56.49,2.49,nan
2.85,2.94,-3.31,-53.80,2.59,nan
2.85,2.92,-3.86,-40.35,2.37,nan
2.85,2.90,-4.22,-29.59,2.49,nan
2.85,2.88,-4.70,529.93,2.50,nan
2.85,2.87,-5.01,1019.51,2.52,nan
2.85,2.85,-5.40,1167.46,2.50,nan
2.85,2.85,-5.59,1124.42,2.47,nan
2.85,2.84,-5.80,879.63,2.59,nan
2.85,2.84,-5.88,624.08,2.42,nan
2.85,2.85,-5.88,344.32,2.51,nan
2.85,2.85,-5.80,99.53,2.48,nan
2.85,2.85,-5.59,-21.52,2.51,nan
2.85,2.85,-5.42,-80.70,2.54,nan
2.85,2.85,-5.06,-107.60,2.45,nan
2.85,2.85,-4.77,-156.02,2.57,nan
2.85,2.85,-4.32,-129.12,2.44,nan
2.85,2.85,-3.98,-96.84,2.51,nan
2.85,2.85,-3.45,-88.77,2.51,nan
2.85,2.85,-3.09,-29.59,2.48,nan
2.85,2.85,-2.59,24.21,2.53,nan
2.85,2.85,-2.28,32.28,2.49,nan
2.85,2.85,-1.85,18.83,2.49,nan
2.85,2.85,-1.61,18.83,2.48,nan
2.85,2.85,-1.29,0.00,2.50,nan
2.85,2.85,-1.13,0.00,2.55,nan
2.85,2.85,-0.91,0.00,2.46,nan
2.85,2.85,-0.79,0.00,2.48,nan
2.85,2.85,-0.67,32.28,2.50,nan
2.85,2.85,-0.58,0.00,2.51,nan
2.85,2.85,-0.50,-5.38,2.49,nan
2.85,2.85,-0.43,5.38,2.49,nan
2.85,2.85,-0.38,0.00,2.50,nan
2.85,2.85,-0.34,0.00,2.49,nan
2.85,2.85,-0.29,0.00,2.50,nan
2.85,2.85,-0.24,0.00,2.50,nan
2.85,2.85,-0.19,0.00,2.50,nan
2.85,2.85,-0.17,0.00,2.54,nan
2.85,2.85,-0.14,0.00,2.46,nan
3.39,2.85,-0.12,0.00,2.53,nan
3.39,2.85,-0.10,1549.44,2.45,nan
3.39,2.86,-0.07,1393.42,2.56,nan
3.39,2.87,-0.02,925.36,2.55,nan
3.39,2.89,0.05,591.80,2.39,nan
3.39,2.91,0.22,381.98,2.55,nan
3.39,2.92,0.36,247.48,2.47,nan
3.39,2.94,0.65,174.85,2.50,nan
3.39,2.96,0.86,126.43,2.47,nan
3.39,2.98,1.25,88.77,2.53,nan
3.39,3.00,1.53,61.87,2.52,nan
3.39,3.02,2.01,59.18,2.48,nan
3.39,3.04,2.35,48.42,2.46,nan
3.39,3.06,2.88,32.28,2.54,nan
3.39,3.07,3.24,34.97,2.50,nan
3.39,3.09,3.79,40.35,2.53,nan
3.39,3.11,4.15,24.21,2.44,nan
3.39,3.13,4.65,29.59,2.55,nan
3.39,3.15,4.96,34.97,2.48,nan
3.39,3.17,5.37,26.90,2.50,nan
3.39,3.19,5.61,24.21,2.47,nan
3.39,3.21,5.92,34.97,2.51,nan
3.39,3.23,6.12,26.90,2.50,nan
3.39,3.25,6.35,24.21,2.50,nan
3.39,3.27,6.50,32.28,2.54,nan
3.39,3.29,6.67,29.59,2.46,nan
3.39,3.31,6.79,21.52,2.61,nan
3.39,3.32,6.91,26.90,2.40,nan
3.39,3.34,6.98,32.28,2.49,nan
3.39,3.36,7.10,-406.19,2.50,nan
3.39,3.38,7.15,-952.26,2.50,nan
3.39,3.39,7.19,-1140.56,2.50,nan
3.39,3.40,7.22,-1124.42,2.57,nan
3.39,3.40,7.17,-925.36,2.43,nan
3.39,3.40,7.07,-699.40,2.53,nan
3.39,3.40,6.91,-406.19,2.50,nan
3.39,3.40,6.71,-174.85,2.45,nan
3.39,3.40,6.38,-2.69,2.50,nan
3.39,3.40,6.12,61.87,2.53,nan
3.39,3.40,5.68,123.74,2.48,nan
3.39,3.39,5.35,150.64,2.54,nan
3.39,3.39,4.80,145.26,2.46,nan
3.39,3.39,4.44,102.22,2.52,nan
3.39,3.39,3.84,61.87,2.50,nan
3.39,3.39,3.45,32.28,2.47,nan
3.39,3.39,2.90,-21.52,2.51,nan
3.39,3.39,2.54,-37.66,2.54,nan
3.39,3.39,2.09,-24.21,2.46,nan
3.39,3.39,1.82,-16.14,2.48,nan
3.39,3.39,1.46,-10.76,2.56,nan
3.39,3.39,1.27,-5.38,2.48,nan
3.39,3.39,1.03,-2.69,2.51,nan
3.25,3.39,0.91,-2.69,2.45,nan
3.25,3.39,0.74,-1538.68,2.51,nan
3.25,3.38,0.65,-1409.56,2.51,nan
3.25,3.37,0.50,-930.74,2.52,nan
3.25,3.36,0.36,-602.56,2.48,nan
3.25,3.34,0.14,-395.43,2.50,nan
3.25,3.32,-0.02,-274.38,2.47,nan
3.25,3.31,-0.36,-193.68,2.56,nan
3.25,3.29,-0.62,134.50,2.46,nan
3.25,3.27,-1.03,761.27,2.52,nan
3.25,3.26,-1.32,1092.14,2.46,nan
3.25,3.25,-1.77,1129.80,2.50,nan
3.25,3.24,-2.09,995.30,2.50,nan
3.25,3.24,-2.47,718.23,2.54,nan
3.25,3.24,-2.73,457.30,2.51,nan
3.25,3.24,-3.02,231.34,2.46,nan
3.25,3.25,-3.17,40.35,2.48,nan
3.25,3.25,-3.26,-67.25,2.50,nan
3.25,3.25,-3.26,-107.60,2.54,nan
3.25,3.25,-3.19,-131.81,2.46,nan
3.25,3.25,-3.07,-129.12,2.50,nan
3.25,3.25,-2.83,-115.67,2.66,nan
3.25,3.25,-2.64,-75.32,2.35,nan
3.25,3.25,-2.28,-45.73,2.52,nan
3.25,3.25,-2.04,-8.07,2.60,nan
3.25,3.25,-1.70,34.97,2.36,nan
3.25,3.25,-1.49,21.52,2.50,nan
3.25,3.25,-1.20,24.21,2.51,nan
3.25,3.25,-1.03,2.69,2.54,nan
3.25,3.25,-0.82,0.00,2.49,nan
3.25,3.25,-0.70,0.00,2.47,nan
3.25,3.25,-0.58,2.69,2.53,nan
3.25,3.25,-0.50,8.07,2.46,nan
3.25,3.25,-0.41,0.00,2.50,nan
3.25,3.25,-0.36,0.00,2.66,nan
3.25,3.25,-0.31,0.00,2.35,nan
3.25,3.25,-0.29,0.00,2.50,nan
3.25,3.25,-0.24,0.00,2.49,nan
3.25,3.25,-0.22,0.00,2.52,nan
3.25,3.25,-0.17,0.00,2.51,nan
3.25,3.25,-0.14,0.00,2.46,nan
3.25,3.25,-0.12,0.00,2.52,nan
3.25,3.25,-0.12,0.00,2.51,nan
3.25,3.25,-0.10,0.00,2.47,nan
3.25,3.25,-0.07,0.00,2.54,nan
3.25,3.25,-0.07,0.00,2.51,nan
3.25,3.25,-0.05,0.00,2.49,nan
3.25,3.25,-0.05,0.00,2.48,nan
3.25,3.25,-0.05,13.45,2.50,nan
3.25,3.25,-0.02,0.00,2.53,nan
3.25,3.25,-0.02,0.00,2.46,nan
3.25,3.25,-0.02,0.00,2.52,nan
4.31,3.25,-0.02,0.00,2.50,nan
4.31,3.25,0.00,1509.09,2.49,nan
4.31,3.26,0.00,1390.73,2.51,nan
4.31,3.27,0.02,925.36,2.50,nan
4.31,3.29,0.10,591.80,2.46,nan
4.31,3.30,0.24,373.91,2.53,nan
4.31,3.32,0.38,247.48,2.48,nan
4.31,3.34,0.67,174.85,2.53,nan
4.31,3.36,0.89,129.12,2.50,nan
4.31,3.38,1.27,88.77,2.48,nan
4.31,3.40,1.53,64.56,2.49,nan
4.31,3.42,1.99,59.18,2.49,nan
4.31,3.43,2.33,45.73,2.50,nan
4.31,3.45,2.85,34.97,2.54,nan
4.31,3.47,3.21,37.66,2.51,nan
4.31,3.49,3.76,37.66,2.47,nan
4.31,3.51,4.12,24.21,2.50,nan
4.31,3.53,4.63,32.28,2.52,nan
4.31,3.55,4.92,34.97,2.47,nan
4.31,3.57,5.32,26.90,2.53,nan
4.31,3.59,5.59,26.90,2.46,nan
4.31,3.61,5.90,34.97,2.50,nan
4.31,3.63,6.09,26.90,2.57,nan
4.31,3.65,6.33,24.21,2.47,nan
4.31,3.67,6.47,32.28,2.52,nan
4.31,3.69,6.67,29.59,2.50,nan
4.31,3.71,6.76,24.21,2.45,nan
4.31,3.72,6.91,32.28,2.53,nan
4.31,3.74,6.98,29.59,2.47,nan
4.31,3.76,7.10,18.83,2.50,nan
4.31,3.78,7.15,29.59,2.53,nan
4.31,3.80,7.24,37.66,2.50,nan
4.31,3.82,7.27,21.52,2.46,nan
4.31,3.84,7.34,26.90,2.52,nan
4.31,3.86,7.36,34.97,2.47,nan
4.31,3.88,7.41,24.21,2.50,nan
4.31,3.90,7.43,26.90,2.51,nan
4.31,3.92,7.46,34.97,2.52,nan
4.31,3.94,7.48,24.21,2.46,nan
4.31,3.96,7.48,24.21,2.53,nan
4.31,3.97,7.51,32.28,2.50,nan
4.31,4.00,7.53,26.90,2.47,nan
4.31,4.02,7.53,21.52,2.59,nan
4.31,4.03,7.53,29.59,2.44,nan
4.31,4.05,7.55,32.28,2.48,nan
4.31,4.07,7.55,18.83,2.53,nan
4.31,4.09,7.55,26.90,2.47,nan
4.31,4.11,7.58,32.28,2.53,nan
4.31,4.13,7.58,24.21,2.52,nan
4.31,4.15,7.58,26.90,2.46,nan
4.31,4.17,7.58,32.28,2.53,nan
4.31,4.19,7.60,24.21,2.46,nan
3.35,4.21,7.60,24.21,2.49,nan
3.35,4.22,7.60,-3002.04,2.53,nan
3.35,4.23,7.58,-2800.29,2.51,nan
3.35,4.22,7.48,-1874.93,2.48,nan
3.35,4.21,7.36,-1180.91,2.50,nan
3.35,4.20,7.05,-758.58,2.52,nan
3.35,4.18,6.76,-492.27,2.46,nan
3.35,4.16,6.21,-330.87,2.54,nan
3.35,4.15,5.76,-223.27,2.46,nan
3.35,4.13,4.99,-150.64,2.53,nan
3.35,4.11,4.44,-112.98,2.53,nan
3.35,4.09,3.50,-96.84,2.45,nan
3.35,4.07,2.83,-72.63,2.52,nan
3.35,4.05,1.77,-56.49,2.47,nan
3.35,4.03,1.03,-61.87,2.50,nan
3.35,4.02,-0.05,-53.80,2.50,nan
3.35,4.00,-0.77,-43.04,2.50,nan
3.35,3.98,-1.77,-43.04,2.51,nan
3.35,3.96,-2.37,-51.11,2.49,nan
3.35,3.94,-3.19,-37.66,2.52,nan
3.35,3.92,-3.67,-40.35,2.47,nan
3.35,3.90,-4.29,-51.11,2.51,nan
3.35,3.88,-4.68,-34.97,2.50,nan
3.35,3.86,-5.16,-37.66,2.77,nan
3.35,3.84,-5.42,-51.11,2.23,nan
3.35,3.82,-5.78,-37.66,2.50,nan
3.35,3.80,-6.00,-37.66,2.89,nan
3.35,3.76,-6.43,-43.04,4.71,nan
3.35,3.71,-6.83,-48.42,6.87,nan
3.35,3.69,-6.95,-43.04,2.77,nan
3.35,3.63,-7.19,-43.04,7.74,nan
3.35,3.60,-7.29,-40.35,3.69,nan
3.35,3.59,-7.31,-48.42,1.38,nan
3.35,3.57,-7.36,-34.97,2.52,nan
3.35,3.55,-7.41,-37.66,2.46,nan
3.35,3.53,-7.43,-45.73,2.50,nan
3.35,3.51,-7.46,-37.66,2.54,nan
3.35,3.49,-7.48,-37.66,2.47,nan
3.35,3.47,-7.51,-48.42,2.51,nan
3.35,3.45,-7.53,-40.35,2.51,nan
3.35,3.43,-7.53,-32.28,2.48,nan
3.35,3.41,-7.55,-45.73,2.50,nan
3.35,3.39,-7.55,-43.04,2.52,nan
3.35,3.38,-7.55,489.58,2.47,nan
3.35,3.36,-7.58,979.16,2.54,nan
3.35,3.35,-7.55,1148.63,2.50,nan
3.35,3.34,-7.51,1129.80,2.47,nan
3.70,3.34,-7.43,903.84,2.50,nan
3.70,3.34,-7.27,1807.68,2.55,nan
3.70,3.34,-7.10,1527.92,2.45,nan
3.70,3.35,-6.76,992.61,2.53,nan
3.70,3.37,-6.47,632.15,2.47,nan
3.70,3.39,-5.92,416.95,2.51,nan
3.70,3.40,-5.47,274.38,2.49,nan
3.70,3.42,-4.72,177.54,2.54,nan
3.70,3.44,-4.17,121.05,2.46,nan
3.70,3.46,-3.26,94.15,2.55,nan
3.70,3.48,-2.61,72.63,2.44,nan
3.70,3.50,-1.58,45.73,2.52,nan
3.70,3.52,-0.91,45.73,2.50,nan
3.70,3.54,0.10,48.42,2.51,nan
3.70,3.55,0.77,32.28,2.46,nan
3.70,3.57,1.70,29.59,2.54,nan
3.70,3.59,2.30,37.66,2.47,nan
3.70,3.61,3.09,29.59,2.50,nan
3.70,3.63,3.57,24.21,2.54,nan
3.70,3.65,4.22,18.83,2.46,nan
3.70,3.67,4.58,-414.26,2.50,nan
3.70,3.69,5.06,-925.36,2.53,nan
3.70,3.70,5.35,-1183.60,2.47,nan
3.70,3.71,5.66,-1148.63,2.53,nan
3.70,3.71,5.80,-893.08,2.47,nan
3.70,3.71,5.90,-618.70,2.52,nan
3.70,3.71,5.90,-408.88,2.52,nan
3.70,3.71,5.80,-185.61,2.51,nan
3.70,3.71,5.68,-45.73,2.45,nan
3.70,3.70,5.42,96.84,2.53,nan
3.70,3.70,5.18,131.81,2.47,nan
3.70,3.70,4.77,147.95,2.53,nan
3.70,3.70,4.46,147.95,2.53,nan
3.70,3.70,3.96,104.91,2.51,nan
3.70,3.70,3.60,64.56,2.44,nan
3.70,3.70,3.07,0.00,2.53,nan
3.70,3.70,2.73,-21.52,2.47,nan
3.70,3.70,2.25,-29.59,2.55,nan
3.70,3.70,1.97,-18.83,2.48,nan
3.70,3.70,1.58,-10.76,2.49,nan
3.70,3.70,1.39,-5.38,2.48,nan
3.70,3.70,1.10,-2.69,2.53,nan
3.70,3.70,0.96,-2.69,2.47,nan
3.70,3.70,0.79,0.00,2.52,nan
3.70,3.70,0.70,0.00,2.49,nan
3.70,3.70,0.58,0.00,2.52,nan
3.70,3.70,0.53,0.00,2.48,nan
3.70,3.70,0.43,0.00,2.50,nan
3.70,3.70,0.38,0.00,2.49,nan
3.70,3.70,0.34,0.00,2.50,nan
3.70,3.70,0.29,0.00,2.55,nan
3.70,3.70,0.24,0.00,2.49,nan
3.57,3.70,0.22,0.00,2.46,nan
3.57,3.70,0.17,-1519.85,2.51,nan
3.57,3.69,0.14,-1423.01,2.49,nan
3.57,3.68,0.07,-946.88,2.53,nan
3.57,3.66,0.00,-616.01,2.47,nan
3.57,3.65,-0.17,-408.88,2.53,nan
3.57,3.63,-0.31,-269.00,2.52,nan
3.57,3.61,-0.60,-56.49,2.51,nan
3.57,3.60,-0.84,532.62,2.46,nan
3.57,3.58,-1.22,987.23,2.49,nan
3.57,3.57,-1.49,1108.28,2.49,nan
3.57,3.56,-1.89,1062.55,2.52,nan
3.57,3.56,-2.13,809.69,2.54,nan
3.57,3.56,-2.49,613.32,2.47,nan
3.57,3.56,-2.69,282.45,2.50,nan
3.57,3.56,-2.93,104.91,2.50,nan
3.57,3.57,-3.02,-8.07,2.47,nan
3.57,3.57,-3.09,-80.70,2.52,nan
3.57,3.57,-3.07,-147.95,2.48,nan
3.57,3.57,-2.95,-131.81,2.53,nan
3.57,3.57,-2.81,-131.81,2.49,nan
3.57,3.57,-2.54,-80.70,2.51,nan
3.57,3.57,-2.33,-32.28,2.47,nan
3.57,3.57,-1.99,0.00,2.52,nan
3.57,3.57,-1.77,16.14,2.48,nan
3.57,3.57,-1.44,8.07,2.52,nan
3.57,3.57,-1.25,0.00,2.51,nan
3.57,3.57,-0.98,0.00,2.47,nan
3.57,3.57,-0.84,0.00,2.49,nan
3.57,3.57,-0.67,0.00,2.52,nan
3.57,3.57,-0.58,0.00,2.48,nan
3.57,3.57,-0.48,0.00,2.53,nan
3.57,3.57,-0.41,0.00,2.47,nan
3.57,3.57,-0.36,0.00,2.53,nan
3.57,3.57,-0.31,0.00,2.48,nan
3.57,3.57,-0.26,0.00,2.48,nan
3.57,3.57,-0.24,0.00,2.54,nan
3.57,3.57,-0.19,0.00,2.47,nan
3.57,3.57,-0.17,0.00,2.48,nan
3.57,3.57,-0.14,0.00,2.52,nan
3.57,3.57,-0.12,0.00,2.60,nan
3.57,3.57,-0.10,0.00,2.44,nan
3.57,3.57,-0.10,0.00,2.44,nan
3.57,3.57,-0.07,0.00,2.50,nan
3.57,3.57,-0.07,0.00,2.50,nan
3.57,3.57,-0.05,0.00,2.55,nan
3.57,3.57,-0.05,0.00,2.48,nan
3.57,3.57,-0.02,0.00,2.50,nan
3.57,3.57,-0.02,0.00,2.50,nan
3.57,3.57,-0.02,0.00,2.56,nan
3.57,3.57,-0.02,0.00,2.47,nan
3.57,3.57,-0.02,0.00,2.47,nan
3.07,3.57,0.00,0.00,2.48,nan
3.07,3.57,0.00,-1517.16,2.51,nan
3.07,3.56,-0.02,-1412.25,2.50,nan
3.07,3.55,-0.07,-933.43,2.49,nan
3.07,3.54,-0.12,-605.25,2.50,nan
3.07,3.52,-0.29,-398.12,2.53,nan
3.07,3.50,-0.43,-277.07,2.49,nan
3.07,3.48,-0.70,-190.99,2.50,nan
3.07,3.47,-0.91,-131.81,2.49,nan
3.07,3.45,-1.29,-102.22,2.52,nan
3.07,3.43,-1.58,-94.15,2.48,nan
3.07,3.41,-2.04,-67.25,2.49,nan
3.07,3.39,-2.37,-56.49,2.50,nan
3.07,3.37,-2.88,-59.18,2.52,nan
3.07,3.35,-3.26,-51.11,2.50,nan
3.07,3.33,-3.81,-40.35,2.48,nan
3.07,3.31,-4.15,-45.73,2.50,nan
3.07,3.29,-4.65,-45.73,2.50,nan
3.07,3.27,-4.96,-37.66,2.49,nan
3.07,3.25,-5.37,-43.04,2.53,nan
3.07,3.23,-5.61,-48.42,2.47,nan
3.07,3.22,-5.92,-32.28,2.51,nan
3.07,3.20,-6.09,-37.66,2.50,nan
3.07,3.17,-6.33,-48.42,2.48,nan
3.07,3.16,-6.47,-37.66,2.50,nan
3.07,3.14,-6.67,-37.66,2.56,nan
3.07,3.12,-6.76,-34.97,2.45,nan
3.07,3.10,-6.91,481.51,2.54,nan
3.07,3.08,-6.98,987.23,2.47,nan
3.07,3.07,-7.05,1140.56,2.67,nan
3.07,3.06,-7.07,1119.04,2.32,nan
3.07,3.06,-7.05,901.15,2.50,nan
3.07,3.06,-6.98,661.74,2.50,nan
3.07,3.06,-6.79,387.36,2.52,nan
3.07,3.06,-6.62,161.40,2.51,nan
3.07,3.07,-6.28,-10.76,2.47,nan
3.07,3.07,-6.02,-83.39,2.49,nan
3.07,3.07,-5.56,-145.26,2.54,nan
3.07,3.07,-5.25,-121.05,2.47,nan
3.07,3.07,-4.70,-134.50,2.53,nan
3.07,3.07,-4.34,-72.63,2.47,nan
3.07,3.07,-3.76,-34.97,2.52,nan
3.07,3.07,-3.38,-32.28,2.53,nan
3.07,3.07,-2.83,5.38,2.46,nan
3.07,3.07,-2.49,5.38,2.49,nan
3.07,3.07,-2.04,0.00,2.53,nan
3.07,3.07,-1.75,0.00,2.48,nan
3.07,3.07,-1.41,0.00,2.50,nan
3.07,3.07,-1.25,0.00,2.48,nan
3.07,3.07,-1.01,-5.38,2.53,nan
3.07,3.07,-0.89,0.00,2.47,nan
3.07,3.07,-0.72,0.00,2.53,nan
2.96,3.07,-0.65,0.00,2.47,nan
2.96,3.07,-0.53,-1517.16,2.53,nan
2.96,3.06,-0.48,-1412.25,2.49,nan
2.96,3.05,-0.46,-933.43,2.49,nan
2.96,3.03,-0.48,-605.25,2.49,nan
2.96,3.02,-0.58,-400.81,2.52,nan
2.96,3.00,-0.70,-153.33,2.48,nan
2.96,2.98,-0.94,449.23,2.50,nan
2.96,2.97,-1.13,901.15,2.50,nan
2.96,2.96,-1.44,1070.62,2.52,nan
2.96,2.95,-1.65,1011.44,2.47,nan
2.96,2.95,-1.97,804.31,2.50,nan
2.96,2.95,-2.18,556.83,2.50,nan
2.96,2.95,-2.45,336.25,2.50,nan
2.96,2.95,-2.59,102.22,2.50,nan
2.96,2.95,-2.76,-5.38,2.53,nan
2.96,2.96,-2.81,-104.91,2.48,nan
2.96,2.96,-2.81,-126.43,2.52,nan
2.96,2.96,-2.76,-131.81,2.49,nan
2.96,2.96,-2.59,-131.81,2.51,nan
2.96,2.96,-2.45,-88.77,2.48,nan
2.96,2.96,-2.16,-48.42,2.50,nan
2.96,2.96,-1.94,-2.69,2.50,nan
2.96,2.96,-1.63,10.76,2.50,nan
2.96,2.96,-1.41,18.83,2.50,nan
2.96,2.96,-1.15,8.07,2.49,nan
2.96,2.96,-0.98,0.00,2.50,nan
2.96,2.96,-0.79,0.00,2.50,nan
2.96,2.96,-0.67,0.00,2.50,nan
2.96,2.96,-0.53,13.45,2.51,nan
2.96,2.96,-0.46,-2.69,2.50,nan
2.96,2.96,-0.38,-2.69,2.50,nan
2.96,2.96,-0.34,-2.69,2.51,nan
2.96,2.96,-0.29,10.76,2.50,nan
2.96,2.96,-0.22,-5.38,5.31,nan
2.96,2.96,-0.22,-5.38,1.27,nan
2.96,2.96,-0.19,-5.38,0.93,nan
2.96,2.96,-0.17,-2.69,2.47,nan
2.96,2.96,-0.14,-2.69,2.49,nan
2.96,2.96,-0.12,-2.69,2.52,nan
2.96,2.96,-0.10,-2.69,2.47,nan
2.96,2.96,-0.07,-2.69,2.50,nan
2.96,2.96,-0.07,-2.69,2.59,nan
2.96,2.96,-0.05,-2.69,2.41,nan
2.96,2.96,-0.05,-2.69,2.50,nan
2.96,2.96,-0.05,-2.69,2.54,nan
2.96,2.96,-0.02,-2.69,2.48,nan
2.96,2.96,-0.02,-2.69,2.48,nan
2.96,2.96,-0.02,-2.69,2.51,nan
2.96,2.96,-0.02,-2.69,2.52,nan
2.96,2.96,0.00,-2.69,2.47,nan
2.96,2.96,0.00,-2.69,2.50,nan
2.77,2.96,0.00,-2.69,2.50,nan
2.77,2.96,0.00,-1538.68,2.52,nan
2.77,2.95,0.00,-1404.18,2.47,nan
2.77,2.94,-0.05,-938.81,2.52,nan
2.77,2.92,-0.12,-607.94,2.53,nan
2.77,2.91,-0.29,-395.43,2.47,nan
2.77,2.89,-0.43,-269.00,2.49,nan
2.77,2.87,-0.72,-196.37,2.55,nan
2.77,2.85,-0.94,-142.57,2.45,nan
2.77,2.83,-1.32,-96.84,2.51,nan
2.77,2.81,-1.58,-53.80,2.49,nan
2.77,2.79,-2.06,481.51,2.49,nan
2.77,2.78,-2.37,925.36,2.50,nan
2.77,2.77,-2.88,1143.25,2.54,nan
2.77,2.76,-3.21,1105.59,2.52,nan
2.77,2.76,-3.65,917.29,2.47,nan
2.77,2.76,-3.91,632.15,2.47,nan
2.77,2.76,-4.15,341.63,2.50,nan
2.77,2.76,-4.24,121.05,2.50,nan
2.77,2.76,-4.27,-34.97,2.52,nan
2.77,2.76,-4.22,-83.39,2.47,nan
2.77,2.77,-4.05,-161.40,2.53,nan
2.77,2.77,-3.88,-137.19,2.47,nan
2.77,2.77,-3.57,-123.74,2.50,nan
2.77,2.77,-3.31,-102.22,2.50,nan
2.77,2.77,-2.90,-34.97,2.52,nan
2.77,2.77,-2.61,-8.07,2.49,nan
2.77,2.77,-2.18,0.00,2.52,nan
2.77,2.77,-1.92,21.52,2.48,nan
2.77,2.77,-1.53,10.76,2.52,nan
2.77,2.77,-1.32,2.69,2.47,nan
2.77,2.77,-1.06,-10.76,2.50,nan
2.77,2.77,-0.91,0.00,2.51,nan
2.77,2.77,-0.74,0.00,2.50,nan
2.77,2.77,-0.65,0.00,2.48,nan
2.77,2.77,-0.53,0.00,2.53,nan
2.77,2.77,-0.48,0.00,2.47,nan
2.77,2.77,-0.41,0.00,2.51,nan
2.77,2.77,-0.36,0.00,2.49,nan
2.77,2.77,-0.29,0.00,2.53,nan
2.77,2.77,-0.26,0.00,2.47,nan
2.77,2.77,-0.22,0.00,2.52,nan
2.77,2.77,-0.19,0.00,2.48,nan
2.77,2.77,-0.17,0.00,2.51,nan
2.77,2.77,-0.14,0.00,2.50,nan
2.77,2.77,-0.12,0.00,2.49,nan
2.77,2.77,-0.10,0.00,2.50,nan
2.77,2.77,-0.07,0.00,2.52,nan
2.77,2.77,-0.07,0.00,2.49,nan
2.77,2.77,-0.05,0.00,2.52,nan
2.77,2.77,-0.05,0.00,2.48,nan
2.77,2.77,-0.05,0.00,2.64,nan
3.86,2.77,-0.02,0.00,2.48,nan
3.86,2.77,-0.02,1519.85,2.45,nan
3.86,2.77,0.00,1382.66,2.44,nan
3.86,2.79,0.02,914.60,2.52,nan
3.86,2.80,0.10,586.42,2.47,nan
3.86,2.82,0.26,373.91,2.49,nan
3.86,2.83,0.41,269.00,2.51,nan
3.86,2.85,0.67,177.54,2.52,nan
3.86,2.87,0.91,134.50,2.47,nan
3.86,2.89,1.29,83.39,2.51,nan
3.86,2.91,1.56,64.56,2.49,nan
3.86,2.93,2.04,61.87,2.52,nan
3.86,2.95,2.37,53.80,2.47,nan
3.86,2.97,2.90,34.97,2.52,nan
3.86,2.98,3.26,32.28,2.48,nan
3.86,3.01,3.81,32.28,2.52,nan
3.86,3.03,4.17,24.21,2.48,nan
3.86,3.05,4.68,29.59,2.51,nan
3.86,3.06,4.96,34.97,2.48,nan
3.86,3.08,5.37,18.83,2.53,nan
3.86,3.10,5.61,21.52,2.46,nan
3.86,3.12,5.95,34.97,2.52,nan
3.86,3.14,6.12,34.97,2.48,nan
3.86,3.16,6.35,26.90,2.53,nan
3.86,3.18,6.50,29.59,2.48,nan
3.86,3.20,6.69,24.21,2.52,nan
3.86,3.22,6.79,21.52,2.48,nan
3.86,3.24,6.88,24.21,2.49,nan
3.86,3.25,7.00,29.59,2.50,nan
3.86,3.28,7.10,21.52,2.54,nan
3.86,3.30,7.15,29.59,2.46,nan
3.86,3.32,7.22,26.90,2.53,nan
3.86,3.33,7.27,18.83,2.49,nan
3.86,3.35,7.31,26.90,2.50,nan
3.86,3.37,7.36,32.28,2.48,nan
3.86,3.39,7.39,21.52,2.52,nan
3.86,3.41,7.41,26.90,2.47,nan
3.86,3.43,7.46,32.28,2.55,nan
3.86,3.45,7.46,24.21,2.46,nan
3.86,3.47,7.48,26.90,2.50,nan
3.86,3.49,7.51,26.90,2.48,nan
3.86,3.51,7.51,26.90,2.53,nan
3.86,3.53,7.53,18.83,2.48,nan
3.86,3.55,7.53,29.59,2.51,nan
3.86,3.57,7.55,26.90,2.50,nan
3.86,3.59,7.55,18.83,2.52,nan
3.86,3.61,7.55,24.21,2.46,nan
3.86,3.63,7.58,29.59,2.52,nan
3.86,3.65,7.58,18.83,2.48,nan
3.86,3.66,7.58,24.21,2.52,nan
3.86,3.68,7.60,32.28,2.47,nan
3.86,3.70,7.60,32.28,2.50,nan
2.63,3.72,7.60,16.14,2.50,nan
2.63,3.74,7.60,-3201.10,2.52,nan
2.63,3.74,7.58,-2606.61,2.48,nan
2.63,3.73,7.46,-1705.46,2.53,nan
2.63,3.72,7.31,-1205.12,2.47,nan
2.63,3.71,6.98,-715.54,2.53,nan
2.63,3.69,6.67,-459.99,2.48,nan
2.63,3.67,6.09,-298.59,2.52,nan
2.63,3.66,5.64,-225.96,2.48,nan
2.63,3.64,4.87,-150.64,2.52,nan
2.63,3.62,4.29,-118.36,2.48,nan
2.63,3.60,3.67,-96.84,2.50,nan
2.63,3.58,2.69,-69.94,2.50,nan
2.63,3.56,1.61,-67.25,2.58,nan
2.63,3.54,0.86,-56.49,2.42,nan
2.63,3.53,0.14,-48.42,2.49,nan
2.63,3.50,-0.91,-53.80,2.50,nan
2.63,3.48,-1.89,-48.42,2.52,nan
2.63,3.47,-2.49,-45.73,2.48,nan
2.63,3.45,-3.29,-45.73,2.52,nan
2.63,3.43,-3.76,-48.42,2.48,nan
2.63,3.41,-4.39,-34.97,2.50,nan
2.63,3.39,-4.75,-37.66,2.50,nan
2.63,3.37,-5.20,-48.42,2.51,nan
2.63,3.35,-5.49,-34.97,2.48,nan
2.63,3.33,-5.83,-34.97,2.52,nan
2.63,3.31,-6.02,-48.42,2.48,nan
2.63,3.29,-6.28,-40.35,2.51,nan
2.63,3.27,-6.43,-34.97,2.47,nan
2.63,3.25,-6.62,-45.73,2.52,nan
2.63,3.23,-6.74,-43.04,2.48,nan
2.63,3.21,-6.88,-34.97,2.52,nan
2.63,3.20,-6.95,-37.66,2.47,nan
2.63,3.17,-7.07,-43.04,2.57,nan
2.63,3.16,-7.12,-43.04,2.43,nan
2.63,3.14,-7.19,-43.04,2.52,nan
2.63,3.12,-7.24,-43.04,2.49,nan
2.63,3.10,-7.31,-34.97,2.52,nan
2.63,3.08,-7.34,-37.66,2.51,nan
2.63,3.06,-7.36,-43.04,2.47,nan
2.63,3.04,-7.41,-45.73,2.50,nan
2.63,3.02,-7.43,-37.66,2.54,nan
2.63,3.01,-7.46,-37.66,2.45,nan
2.63,2.99,-7.48,-51.11,2.50,nan
2.63,2.97,-7.51,-34.97,2.50,nan
2.63,2.95,-7.51,-37.66,2.51,nan
2.63,2.93,-7.53,-48.42,2.50,nan
2.63,2.90,-7.55,-34.97,2.52,nan
2.63,2.88,-7.55,-45.73,2.50,nan
2.63,2.86,-7.58,-43.04,2.50,nan
2.63,2.84,-7.58,-34.97,2.48,nan
2.63,2.83,-7.60,-43.04,2.52,nan
1.68,2.81,-7.60,-48.42,2.47,nan
1.68,2.79,-7.60,-32.28,2.52,nan
1.68,2.77,-7.63,-37.66,2.47,nan
1.68,2.75,-7.63,-40.35,2.52,nan
1.68,2.73,-7.63,-48.42,2.48,nan
1.68,2.71,-7.65,-37.66,2.53,nan
1.68,2.69,-7.65,-37.66,2.47,nan
1.68,2.67,-7.65,-34.97,2.53,nan
1.68,2.65,-7.65,-32.28,2.48,nan
1.68,2.64,-7.65,-37.66,2.52,nan
1.68,2.62,-7.67,-45.73,2.48,nan
1.68,2.59,-7.67,-32.28,2.52,nan
1.68,2.57,-7.67,-43.04,2.53,nan
1.68,2.55,-7.67,-45.73,2.48,nan
1.68,2.53,-7.67,-34.97,2.49,nan
1.68,2.52,-7.70,-34.97,2.48,nan
1.68,2.50,-7.70,-43.04,2.51,nan
1.68,2.47,-7.70,-32.28,2.57,nan
1.68,2.46,-7.70,-34.97,2.41,nan
1.68,2.44,-7.70,-43.04,2.50,nan
1.68,2.42,-7.70,-43.04,2.49,nan
1.68,2.40,-7.70,-37.66,2.53,nan
1.68,2.38,-7.70,-37.66,2.47,nan
1.68,2.36,-7.70,-34.97,2.54,nan
1.68,2.35,-7.70,-34.97,2.46,nan
1.68,2.33,-7.70,-34.97,2.54,nan
1.68,2.30,-7.70,-37.66,2.56,nan
1.68,2.29,-7.72,-37.66,2.42,nan
1.68,2.26,-7.72,-43.04,2.51,nan
1.68,2.25,-7.72,-45.73,2.50,nan
1.68,2.23,-7.72,-37.66,2.48,nan
1.68,2.21,-7.72,-34.97,2.50,nan
1.68,2.18,-7.72,-43.04,2.50,nan
1.68,2.17,-7.72,-43.04,2.50,nan
1.68,2.15,-7.75,-32.28,2.50,nan
1.68,2.13,-7.75,-43.04,2.51,nan
1.68,2.11,-7.75,-34.97,2.49,nan
1.68,2.09,-7.75,-34.97,2.52,nan
1.68,2.07,-7.77,-37.66,2.47,nan
1.68,2.05,-7.77,-48.42,2.50,nan
1.68,2.03,-7.77,-34.97,2.50,nan
1.68,2.01,-7.77,-37.66,2.52,nan
1.68,1.99,-7.77,-45.73,2.48,nan
1.68,1.97,-7.77,-34.97,2.52,nan
1.68,1.95,-7.79,-45.73,2.50,nan
1.68,1.93,-7.79,-45.73,2.50,nan
1.68,1.91,-7.79,-40.35,2.48,nan
1.68,1.90,-7.79,-32.28,2.53,nan
1.68,1.88,-7.79,-43.04,2.47,nan
1.68,1.86,-7.82,-43.04,2.52,nan
1.68,1.83,-7.82,-40.35,2.54,nan
1.68,1.82,-7.82,-43.04,2.47,nan
2.72,1.80,-7.82,-32.28,2.48,nan
2.72,1.78,-7.82,2490.94,2.51,nan
2.72,1.78,-7.79,2805.67,2.53,nan
2.72,1.78,-7.75,2039.02,2.47,nan
2.72,1.79,-7.58,1285.82,2.47,nan
2.72,1.81,-7.24,753.20,2.52,nan
2.72,1.82,-6.95,524.55,2.48,nan
2.72,1.84,-6.38,317.42,2.53,nan
2.72,1.85,-5.92,231.34,2.48,nan
2.72,1.87,-5.42,147.95,2.51,nan
2.72,1.89,-4.56,102.22,2.47,nan
2.72,1.91,-3.93,80.70,2.52,nan
2.72,1.93,-2.93,61.87,2.48,nan
2.72,1.95,-2.23,40.35,2.55,nan
2.72,1.97,-1.10,37.66,2.45,nan
2.72,1.99,0.02,32.28,2.53,nan
2.72,2.00,0.77,26.90,2.47,nan
2.72,2.03,1.80,34.97,2.51,nan
2.72,2.05,2.42,26.90,2.50,nan
2.72,2.07,3.26,21.52,2.87,nan
2.72,2.08,3.74,18.83,2.13,nan
2.72,2.10,4.20,29.59,2.52,nan
2.72,2.12,4.80,24.21,2.48,nan
2.72,2.14,5.13,18.83,2.52,nan
2.72,2.16,5.56,29.59,2.53,nan
2.72,2.18,5.83,26.90,2.47,nan
2.72,2.20,6.16,18.83,2.49,nan
2.72,2.22,6.43,32.28,2.50,nan
2.72,2.24,6.59,32.28,2.48,nan
2.72,2.26,6.71,18.83,2.52,nan
2.72,2.28,6.91,21.52,2.48,nan
2.72,2.30,7.05,24.21,2.59,nan
2.72,2.32,7.12,21.52,2.42,nan
2.72,2.34,7.19,21.52,2.51,nan
2.72,2.36,7.29,29.59,2.48,nan
2.72,2.38,7.39,18.83,2.59,nan
2.72,2.39,7.41,21.52,2.42,nan
2.72,2.41,7.46,29.59,2.49,nan
2.72,2.43,7.51,24.21,2.50,nan
2.72,2.45,7.53,18.83,2.52,nan
2.72,2.47,7.55,26.90,2.48,nan
2.72,2.49,7.58,29.59,2.51,nan
2.72,2.51,7.60,18.83,2.48,nan
2.72,2.53,7.63,24.21,2.52,nan
2.72,2.55,7.65,29.59,2.49,nan
2.72,2.57,7.65,18.83,2.51,nan
2.72,2.59,7.65,32.28,2.53,nan
2.72,2.61,7.67,29.59,2.46,nan
2.72,2.63,7.67,21.52,2.49,nan
2.72,2.64,7.67,26.90,2.53,nan
2.72,2.66,7.67,29.59,2.46,nan
2.72,2.68,7.67,-266.31,2.53,nan
2.86,2.70,7.70,-815.07,2.47,nan
2.86,2.72,7.67,147.95,2.52,nan
2.86,2.73,7.65,347.01,2.48,nan
2.86,2.75,7.63,260.93,2.52,nan
2.86,2.77,7.58,185.61,2.49,nan
2.86,2.79,7.55,126.43,2.51,nan
2.86,2.80,7.51,78.01,2.48,nan
2.86,2.82,7.48,-277.07,2.50,nan
2.86,2.84,7.43,-930.74,2.51,nan
2.86,2.85,7.39,-1119.04,2.51,nan
2.86,2.86,7.31,-1148.63,2.48,nan
2.86,2.87,7.17,-882.32,2.53,nan
2.86,2.87,7.05,-675.19,2.46,nan
2.86,2.87,6.88,-443.85,2.52,nan
2.86,2.86,6.59,-209.82,2.48,nan
2.86,2.86,6.35,-18.83,2.54,nan
2.86,2.86,5.97,53.80,2.45,nan
2.86,2.86,5.68,126.43,2.56,nan
2.86,2.86,5.20,156.02,2.45,nan
2.86,2.85,4.84,112.98,2.50,nan
2.86,2.85,4.29,118.36,2.50,nan
2.86,2.85,3.74,67.25,2.53,nan
2.86,2.85,3.36,24.21,2.47,nan
2.86,2.86,2.97,13.45,2.53,nan
2.86,2.86,2.47,-34.97,2.47,nan
2.86,2.86,2.16,-29.59,2.52,nan
2.86,2.86,1.75,-18.83,2.48,nan
2.86,2.86,1.51,-10.76,2.53,nan
2.86,2.86,1.22,-2.69,2.47,nan
2.86,2.86,1.08,-2.69,2.51,nan
2.86,2.86,0.86,-2.69,2.49,nan
2.86,2.86,0.77,-2.69,2.55,nan
2.86,2.86,0.65,-2.69,2.45,nan
2.86,2.86,0.58,-2.69,2.52,nan
2.86,2.86,0.48,-2.69,2.48,nan
2.86,2.86,0.43,-2.69,2.52,nan
2.86,2.86,0.36,-2.69,2.51,nan
2.86,2.86,0.31,-2.69,2.47,nan
2.86,2.86,0.26,-2.69,2.51,nan
2.86,2.86,0.22,-2.69,2.52,nan
2.86,2.86,0.19,-2.69,2.47,nan
2.86,2.86,0.17,-2.69,2.51,nan
2.86,2.86,0.14,-2.69,2.48,nan
2.86,2.86,0.12,-2.69,2.50,nan
2.86,2.86,0.10,-2.69,2.50,nan
2.86,2.86,0.10,-2.69,2.51,nan
2.86,2.86,0.07,-2.69,2.49,nan
2.86,2.86,0.07,-2.69,2.49,nan
2.86,2.86,0.05,-2.69,2.50,nan
2.86,2.86,0.05,-2.69,2.50,nan
2.86,2.86,0.02,-2.69,2.52,nan
2.86,2.86,0.02,-2.69,2.49,nan
2.04,2.86,0.02,-2.69,2.50,nan
2.04,2.85,0.02,-1544.06,2.51,nan
2.04,2.85,0.00,-1417.63,2.47,nan
2.04,2.83,-0.02,-954.95,2.53,nan
2.04,2.82,-0.12,-621.39,2.52,nan
2.04,2.80,-0.24,-408.88,2.46,nan
2.04,2.78,-0.46,-263.62,2.52,nan
2.04,2.77,-0.65,-185.61,2.48,nan
2.04,2.75,-0.96,-142.57,2.50,nan
2.04,2.73,-1.22,-107.60,2.53,nan
2.04,2.71,-1.63,-78.01,2.47,nan
2.04,2.69,-1.94,-67.25,2.52,nan
2.04,2.67,-2.45,-69.94,2.47,nan
2.04,2.65,-2.81,-48.42,2.52,nan
2.04,2.64,-3.36,-48.42,2.48,nan
2.04,2.62,-3.74,-53.80,2.52,nan
2.04,2.59,-4.27,-45.73,2.48,nan
2.04,2.57,-4.77,-48.42,2.85,nan
2.04,2.56,-5.06,-48.42,2.15,nan
2.04,2.54,-5.35,-45.73,2.52,nan
2.04,2.52,-5.71,-34.97,2.48,nan
2.04,2.50,-5.92,-45.73,2.52,nan
2.04,2.48,-6.21,-45.73,2.48,nan
2.04,2.46,-6.38,-37.66,2.51,nan
2.04,2.44,-6.59,-40.35,2.49,nan
2.04,2.42,-6.71,-45.73,2.52,nan
2.04,2.40,-6.88,-34.97,2.48,nan
2.04,2.38,-7.03,-45.73,2.52,nan
2.04,2.37,-7.10,-48.42,2.48,nan
2.04,2.35,-7.17,-34.97,2.53,nan
2.04,2.33,-7.24,-37.66,2.48,nan
2.04,2.31,-7.31,-48.42,2.50,nan
2.04,2.29,-7.39,-40.35,2.50,nan
2.04,2.27,-7.41,-37.66,2.52,nan
2.04,2.25,-7.46,-45.73,2.48,nan
2.04,2.23,-7.51,-43.04,2.50,nan
2.04,2.21,-7.53,-34.97,2.50,nan
2.04,2.19,-7.55,-45.73,2.51,nan
2.04,2.17,-7.60,-43.04,2.49,nan
2.04,2.15,-7.60,-34.97,2.52,nan
2.04,2.13,-7.63,-40.35,2.48,nan
2.04,2.11,-7.65,-45.73,2.50,nan
2.04,2.09,-7.67,-34.97,2.51,nan
2.04,2.07,-7.70,215.20,2.51,nan
2.04,2.06,-7.70,812.38,2.48,nan
2.04,2.04,-7.70,1178.22,2.52,nan
2.04,2.03,-7.67,1229.33,2.48,nan
2.04,2.03,-7.63,981.85,2.50,nan
2.04,2.03,-7.48,745.13,2.50,nan
2.04,2.03,-7.36,481.51,2.52,nan
2.04,2.03,-7.07,223.27,2.53,nan
2.04,2.03,-6.83,29.59,2.48,nan
3.17,2.03,-6.43,-45.73,2.49,nan
3.17,2.04,-6.09,1326.17,2.51,nan
3.17,2.05,-5.56,1240.09,2.48,nan
3.17,2.06,-5.16,825.83,2.52,nan
3.17,2.08,-4.48,532.62,2.50,nan
3.17,2.09,-3.96,338.94,2.50,nan
3.17,2.11,-3.14,220.58,2.50,nan
3.17,2.13,-2.54,153.33,2.48,nan
3.17,2.15,-1.65,118.36,2.51,nan
3.17,2.16,-1.06,83.39,2.49,nan
3.17,2.18,-0.17,53.80,2.49,nan
3.17,2.20,0.38,51.11,2.51,nan
3.17,2.22,1.20,51.11,2.49,nan
3.17,2.24,1.73,29.59,2.50,nan
3.17,2.26,2.52,32.28,2.50,nan
3.17,2.28,3.00,34.97,2.50,nan
3.17,2.30,3.69,26.90,2.49,nan
3.17,2.32,4.12,26.90,2.55,nan
3.17,2.34,4.68,32.28,2.44,nan
3.17,2.36,5.01,24.21,2.55,nan
3.17,2.38,5.44,21.52,2.45,nan
3.17,2.40,5.71,29.59,2.53,nan
3.17,2.41,6.04,24.21,2.48,nan
3.17,2.43,6.24,18.83,2.52,nan
3.17,2.45,6.47,24.21,2.47,nan
3.17,2.47,6.62,29.59,2.56,nan
3.17,2.49,6.79,18.83,2.44,nan
3.17,2.51,6.91,24.21,2.54,nan
3.17,2.53,7.03,32.28,2.46,nan
3.17,2.55,7.12,18.83,2.53,nan
3.17,2.57,7.22,21.52,2.47,nan
3.17,2.59,7.27,29.59,2.53,nan
3.17,2.61,7.34,21.52,2.47,nan
3.17,2.63,7.39,21.52,2.56,nan
3.17,2.65,7.43,29.59,2.44,nan
3.17,2.67,7.46,24.21,2.57,nan
3.17,2.69,7.51,18.83,2.44,nan
3.17,2.71,7.53,29.59,2.55,nan
3.17,2.73,7.55,26.90,2.44,nan
3.17,2.74,7.58,18.83,2.53,nan
3.17,2.76,7.60,26.90,2.47,nan
3.17,2.78,7.60,29.59,2.53,nan
3.17,2.80,7.63,16.14,2.47,nan
3.17,2.82,7.63,24.21,2.50,nan
3.17,2.84,7.65,32.28,2.50,nan
3.17,2.86,7.65,18.83,2.51,nan
3.17,2.88,7.65,24.21,2.49,nan
3.17,2.90,7.67,32.28,2.53,nan
3.17,2.92,7.67,24.21,2.47,nan
3.17,2.94,7.67,21.52,2.54,nan
3.17,2.96,7.67,32.28,2.46,nan
3.17,2.98,7.67,21.52,2.52,nan
2.65,3.00,7.67,18.83,2.53,nan
2.65,3.01,7.67,-2972.45,2.47,nan
2.65,3.02,7.65,-2808.36,2.47,nan
2.65,3.01,7.58,-1880.31,2.51,nan
2.65,3.00,7.36,-1199.74,2.50,nan
2.65,2.99,7.15,-766.65,2.53,nan
2.65,2.97,6.71,-500.34,2.45,nan
2.65,2.96,6.35,-338.94,2.53,nan
2.65,2.94,5.68,-228.65,2.48,nan
2.65,2.92,5.18,-153.33,2.52,nan
2.65,2.90,4.32,-115.67,2.50,nan
2.65,2.88,3.69,-99.53,2.51,nan
2.65,2.86,2.71,-72.63,2.47,nan
2.65,2.84,1.99,-56.49,2.51,nan
2.65,2.82,0.89,-61.87,2.49,nan
2.65,2.81,0.14,-53.80,2.51,nan
2.65,2.78,-0.91,-40.35,2.48,nan
2.65,2.77,-1.58,-45.73,2.52,nan
2.65,2.75,-2.49,-48.42,2.48,nan
2.65,2.73,-3.05,-37.66,2.53,nan
2.65,2.71,-3.79,-40.35,2.47,nan
2.65,2.69,-4.22,199.06,2.52,nan
2.65,2.67,-4.77,823.14,2.49,nan
2.65,2.66,-5.08,1143.25,2.50,nan
2.65,2.65,-5.47,1170.15,2.49,nan
2.65,2.64,-5.66,1011.44,2.50,nan
2.65,2.64,-5.83,769.34,2.50,nan
2.65,2.64,-5.88,470.75,2.51,nan
2.65,2.64,-5.83,236.72,2.49,nan
2.65,2.65,-5.73,10.76,2.53,nan
2.65,2.65,-5.49,-88.77,2.49,nan
2.65,2.65,-5.28,-129.12,2.51,nan
2.65,2.65,-4.89,-158.71,2.47,nan
2.65,2.65,-4.58,-107.60,2.52,nan
2.65,2.65,-4.10,-115.67,2.48,nan
2.65,2.65,-3.76,-72.63,2.50,nan
2.65,2.65,-3.24,-40.35,2.49,nan
2.65,2.65,-2.88,-5.38,2.53,nan
2.65,2.65,-2.37,26.90,2.47,nan
2.65,2.65,-2.09,21.52,2.53,nan
2.65,2.65,-1.68,8.07,2.47,nan
2.65,2.65,-1.46,0.00,2.52,nan
2.65,2.65,-1.18,0.00,2.48,nan
2.65,2.65,-1.03,0.00,2.52,nan
2.65,2.65,-0.84,0.00,2.48,nan
2.65,2.65,-0.74,0.00,2.51,nan
2.65,2.65,-0.60,0.00,2.50,nan
2.65,2.65,-0.55,0.00,2.50,nan
2.65,2.65,-0.46,0.00,2.50,nan
2.65,2.65,-0.41,0.00,2.52,nan
2.65,2.65,-0.34,0.00,2.47,nan
2.65,2.65,-0.31,0.00,2.53,nan
3.13,2.65,-0.26,0.00,2.48,nan
3.13,2.65,-0.22,1503.71,2.52,nan
3.13,2.66,-0.17,1396.11,2.49,nan
3.13,2.67,-0.12,914.60,2.51,nan
3.13,2.69,0.00,583.73,2.48,nan
3.13,2.70,0.10,379.29,2.50,nan
3.13,2.72,0.34,258.24,2.50,nan
3.13,2.74,0.55,180.23,2.52,nan
3.13,2.76,0.89,118.36,2.48,nan
3.13,2.78,1.15,83.39,2.52,nan
3.13,2.79,1.58,69.94,2.48,nan
3.13,2.81,1.89,53.80,2.52,nan
3.13,2.83,2.40,34.97,2.48,nan
3.13,2.85,2.76,40.35,2.50,nan
3.13,2.87,3.31,40.35,2.51,nan
3.13,2.89,3.69,24.21,2.50,nan
3.13,2.91,4.24,29.59,2.48,nan
3.13,2.93,4.58,32.28,2.50,nan
3.13,2.95,5.04,26.90,2.49,nan
3.13,2.97,5.30,24.21,2.52,nan
3.13,2.99,5.66,32.28,2.48,nan
3.13,3.01,5.88,24.21,2.52,nan
3.13,3.03,6.16,21.52,2.48,nan
3.13,3.05,6.33,29.59,2.50,nan
3.13,3.07,6.55,26.90,2.49,nan
3.13,3.08,6.67,5.38,2.53,nan
3.13,3.10,6.83,-416.95,2.47,nan
3.13,3.12,6.91,-933.43,2.52,nan
3.13,3.13,7.00,-1197.05,2.49,nan
3.13,3.14,7.05,-1119.04,2.49,nan
3.13,3.14,7.03,-936.12,2.56,nan
3.13,3.14,6.95,-669.81,2.48,nan
3.13,3.14,6.81,-411.57,2.46,nan
3.13,3.14,6.64,-172.16,2.53,nan
3.13,3.14,6.31,8.07,2.47,nan
3.13,3.14,6.04,72.63,2.50,nan
3.13,3.13,5.61,107.60,2.53,nan
3.13,3.13,5.28,107.60,2.50,nan
3.13,3.13,4.75,80.70,2.48,nan
3.13,3.13,4.39,48.42,2.50,nan
3.13,3.13,3.81,91.46,2.51,nan
3.13,3.13,3.43,75.32,2.49,nan
3.13,3.13,2.85,32.28,2.50,nan
3.13,3.13,2.52,-26.90,2.50,nan
3.13,3.13,2.06,-29.59,2.50,nan
3.13,3.13,1.80,-16.14,2.52,nan
3.13,3.13,1.44,-10.76,2.49,nan
3.13,3.13,1.25,-5.38,2.50,nan
3.13,3.13,1.03,-2.69,2.49,nan
3.13,3.13,0.89,-2.69,2.52,nan
3.13,3.13,0.74,-2.69,2.47,nan
3.13,3.13,0.65,-2.69,2.50,nan
3.04,3.13,0.55,-2.69,2.50,nan
3.04,3.13,0.48,-1544.06,2.52,nan
3.04,3.12,0.38,-1401.49,2.48,nan
3.04,3.11,0.31,-944.19,2.58,nan
3.04,3.10,0.14,-616.01,2.43,nan
3.04,3.08,0.00,-312.04,2.55,nan
3.04,3.06,-0.24,355.08,2.44,nan
3.04,3.05,-0.43,839.28,2.50,nan
3.04,3.04,-0.77,992.61,2.50,nan
3.04,3.04,-0.98,941.50,2.52,nan
3.04,3.03,-1.32,758.58,2.47,nan
3.04,3.03,-1.53,554.14,2.51,nan
3.04,3.03,-1.80,357.77,2.49,nan
3.04,3.03,-1.94,177.54,2.53,nan
3.04,3.04,-2.13,37.66,2.47,nan
3.04,3.04,-2.23,-48.42,2.53,nan
3.04,3.04,-2.28,-99.53,2.48,nan
3.04,3.04,-2.28,-102.22,2.51,nan
3.04,3.04,-2.21,-104.91,2.48,nan
3.04,3.04,-2.09,-61.87,2.52,nan
3.04,3.04,-1.87,-53.80,2.47,nan
3.04,3.04,-1.70,-37.66,2.51,nan
3.04,3.04,-1.44,-37.66,2.49,nan
3.04,3.04,-1.25,-13.45,2.50,nan
3.04,3.04,-1.01,2.69,2.55,nan
3.04,3.04,-0.86,2.69,2.46,nan
3.04,3.04,-0.70,0.00,2.50,nan
3.04,3.04,-0.58,0.00,2.52,nan
3.04,3.04,-0.46,0.00,2.47,nan
3.04,3.04,-0.41,0.00,2.51,nan
3.04,3.04,-0.34,0.00,2.49,nan
3.04,3.04,-0.29,0.00,2.52,nan
3.04,3.04,-0.24,0.00,2.47,nan
3.04,3.04,-0.22,0.00,2.50,nan
3.04,3.04,-0.17,0.00,2.50,nan
3.04,3.04,-0.14,0.00,2.53,nan
3.04,3.04,-0.12,0.00,2.46,nan
3.04,3.04,-0.12,0.00,2.54,nan
3.04,3.04,-0.10,0.00,2.47,nan
3.04,3.04,-0.07,0.00,2.52,nan
3.04,3.04,-0.07,0.00,2.48,nan
3.04,3.04,-0.05,0.00,2.52,nan
3.04,3.04,-0.05,0.00,2.48,nan
3.04,3.04,-0.05,0.00,2.52,nan
3.04,3.04,-0.02,0.00,2.49,nan
3.04,3.04,-0.02,0.00,2.51,nan
3.04,3.04,-0.02,0.00,2.49,nan
3.04,3.04,-0.02,0.00,2.75,nan
3.04,3.04,0.00,0.00,2.26,nan
3.04,3.04,0.00,0.00,2.49,nan
3.04,3.04,0.00,0.00,2.50,nan
3.04,3.04,0.00,0.00,2.52,nan
2.77,3.04,0.00,0.00,2.46,nan
2.77,3.04,0.00,-1517.16,2.51,nan
2.77,3.03,0.00,-1409.56,2.49,nan
2.77,3.02,-0.05,-930.74,2.52,nan
2.77,3.01,-0.14,-605.25,2.48,nan
2.77,2.99,-0.24,-403.50,2.58,nan
2.77,2.97,-0.46,-279.76,2.43,nan
2.77,2.95,-0.62,-193.68,2.51,nan
2.77,2.93,-0.96,-134.50,2.47,nan
2.77,2.92,-1.20,-104.91,2.50,nan
2.77,2.89,-1.63,-91.46,2.50,nan
2.77,2.87,-1.94,-64.56,2.50,nan
2.77,2.86,-2.45,-56.49,2.50,nan
2.77,2.84,-2.78,-59.18,2.52,nan
2.77,2.82,-3.33,-29.59,2.48,nan
2.77,2.80,-3.72,427.71,2.56,nan
2.77,2.78,-4.24,928.05,2.45,nan
2.77,2.77,-4.58,1226.64,2.51,nan
2.77,2.76,-4.99,1129.80,2.48,nan
2.77,2.76,-5.18,944.19,2.52,nan
2.77,2.76,-5.40,688.64,2.48,nan
2.77,2.76,-5.44,371.22,2.52,nan
2.77,2.76,-5.42,139.88,2.48,nan
2.77,2.76,-5.35,18.83,2.55,nan
2.77,2.77,-5.13,-99.53,2.45,nan
2.77,2.77,-4.92,-126.43,2.53,nan
2.77,2.77,-4.56,-156.02,2.47,nan
2.77,2.77,-4.27,-150.64,2.52,nan
2.77,2.77,-3.81,-96.84,2.48,nan
2.77,2.77,-3.48,-51.11,2.52,nan
2.77,2.77,-2.97,8.07,2.48,nan
2.77,2.77,-2.64,8.07,2.52,nan
2.77,2.77,-2.16,16.14,2.48,nan
2.77,2.77,-1.89,5.38,2.53,nan
2.77,2.77,-1.51,0.00,2.48,nan
2.77,2.77,-1.32,0.00,2.49,nan
2.77,2.77,-1.06,0.00,2.51,nan
2.77,2.77,-0.91,0.00,2.51,nan
2.77,2.77,-0.74,0.00,2.49,nan
2.77,2.77,-0.67,0.00,2.51,nan
2.77,2.77,-0.55,0.00,2.49,nan
2.77,2.77,-0.50,0.00,2.52,nan
2.77,2.77,-0.41,0.00,2.48,nan
2.77,2.77,-0.38,0.00,2.52,nan
2.77,2.77,-0.31,0.00,2.47,nan
2.77,2.77,-0.26,0.00,2.52,nan
2.77,2.77,-0.22,0.00,2.54,nan
2.77,2.77,-0.19,0.00,2.47,nan
2.77,2.77,-0.17,0.00,2.47,nan
2.77,2.77,-0.14,0.00,2.51,nan
2.77,2.77,-0.12,0.00,2.49,nan
2.77,2.77,-0.10,0.00,2.57,nan
3.10,2.77,-0.07,0.00,2.49,nan
3.10,2.77,-0.07,1506.40,2.46,nan
3.10,2.78,-0.05,1396.11,2.50,nan
3.10,2.79,0.00,911.91,2.51,nan
3.10,2.81,0.10,583.73,2.48,nan
3.10,2.82,0.19,384.67,2.50,nan
3.10,2.84,0.43,258.24,2.49,nan
3.10,2.86,0.62,177.54,2.50,nan
3.10,2.88,0.96,115.67,2.49,nan
3.10,2.89,1.20,83.39,2.53,nan
3.10,2.92,1.63,72.63,2.48,nan
3.10,2.93,1.94,53.80,2.51,nan
3.10,2.95,2.45,37.66,2.48,nan
3.10,2.97,2.81,40.35,2.53,nan
3.10,2.99,3.36,37.66,2.48,nan
3.10,3.01,3.72,24.21,2.50,nan
3.10,3.03,4.27,29.59,2.50,nan
3.10,3.05,4.60,34.97,2.53,nan
3.10,3.07,5.06,-301.28,2.47,nan
3.10,3.08,5.32,-852.73,2.50,nan
3.10,3.10,5.68,-1140.56,2.50,nan
3.10,3.11,5.85,-1156.70,2.52,nan
3.10,3.11,6.04,-981.85,2.48,nan
3.10,3.11,6.09,-718.23,2.50,nan
3.10,3.11,6.09,-443.85,2.49,nan
3.10,3.11,6.02,-220.58,2.52,nan
3.10,3.11,5.80,-45.73,2.48,nan
3.10,3.10,5.61,75.32,2.52,nan
3.10,3.10,5.28,129.12,2.56,nan
3.10,3.10,4.99,147.95,2.44,nan
3.10,3.10,4.53,86.08,2.49,nan
3.10,3.10,4.20,72.63,2.52,nan
3.10,3.10,3.67,83.39,2.47,nan
3.10,3.10,3.29,59.18,2.52,nan
3.10,3.10,2.78,-8.07,2.49,nan
3.10,3.10,2.45,-29.59,2.52,nan
3.10,3.10,1.99,-21.52,2.47,nan
3.10,3.10,1.73,-13.45,2.50,nan
3.10,3.10,1.39,-8.07,2.50,nan
3.10,3.10,1.20,-2.69,2.51,nan
3.10,3.10,0.98,-2.69,2.50,nan
3.10,3.10,0.86,-2.69,2.55,nan
3.10,3.10,0.72,-2.69,2.45,nan
3.10,3.10,0.62,-2.69,2.52,nan
3.10,3.10,0.53,-2.69,2.47,nan
3.10,3.10,0.46,-2.69,2.50,nan
3.10,3.10,0.38,-2.69,2.86,nan
3.10,3.10,0.36,-2.69,2.20,nan
3.10,3.10,0.29,-2.69,2.44,nan
3.10,3.10,0.26,-2.69,2.54,nan
3.10,3.10,0.22,-2.69,2.45,nan
3.10,3.10,0.19,-2.69,2.54,nan
3.61,3.10,0.14,-2.69,2.46,nan
3.61,3.10,0.14,1522.54,2.53,nan
3.61,3.11,0.12,1390.73,2.48,nan
3.61,3.12,0.14,933.43,2.50,nan
3.61,3.14,0.22,605.25,2.49,nan
3.61,3.15,0.31,390.05,2.52,nan
3.61,3.17,0.53,250.17,2.48,nan
3.61,3.19,0.70,169.47,2.50,nan
3.61,3.21,1.01,126.43,2.51,nan
3.61,3.23,1.27,91.46,2.52,nan
3.61,3.25,1.68,59.18,2.48,nan
3.61,3.26,1.99,53.80,2.51,nan
3.61,3.28,2.47,51.11,2.50,nan
3.61,3.30,2.81,34.97,2.51,nan
3.61,3.32,3.36,32.28,2.48,nan
3.61,3.34,3.72,37.66,2.52,nan
3.61,3.36,4.24,29.59,2.47,nan
3.61,3.38,4.58,24.21,2.53,nan
3.61,3.40,5.04,32.28,2.49,nan
3.61,3.42,5.30,29.59,2.51,nan
3.61,3.44,5.66,18.83,2.49,nan
3.61,3.46,5.88,26.90,2.52,nan
3.61,3.48,6.16,32.28,2.46,nan
3.61,3.50,6.31,21.52,2.53,nan
3.61,3.52,6.52,26.90,2.48,nan
3.61,3.54,6.64,34.97,2.52,nan
3.61,3.56,6.81,24.21,2.48,nan
3.61,3.58,6.88,-225.96,2.51,nan
3.61,3.59,7.00,-809.69,2.49,nan
3.61,3.61,7.07,-1116.35,2.52,nan
3.61,3.61,7.12,-1156.70,2.47,nan
3.61,3.62,7.10,-1011.44,2.52,nan
3.61,3.62,7.03,-774.72,2.47,nan
3.61,3.62,6.93,-511.10,2.51,nan
3.61,3.62,6.69,-277.07,2.49,nan
3.61,3.62,6.50,-45.73,2.53,nan
3.61,3.61,6.12,67.25,2.48,nan
3.61,3.61,5.83,142.57,2.51,nan
3.61,3.61,5.35,153.33,2.48,nan
3.61,3.61,4.99,99.53,2.52,nan
3.61,3.61,4.44,96.84,2.47,nan
3.61,3.61,4.05,83.39,2.51,nan
3.61,3.61,3.48,29.59,2.49,nan
3.61,3.61,3.09,-2.69,2.53,nan
3.61,3.61,2.57,-26.90,2.47,nan
3.61,3.61,2.25,-21.52,2.52,nan
3.61,3.61,1.82,-10.76,2.47,nan
3.61,3.61,1.58,-8.07,2.53,nan
3.61,3.61,1.27,-2.69,2.48,nan
3.61,3.61,1.10,-2.69,2.52,nan
3.61,3.61,0.91,-2.69,2.48,nan
3.61,3.61,0.79,-2.69,2.52,nan
3.35,3.61,0.67,-2.69,2.48,nan
3.35,3.61,0.58,-1514.47,2.50,nan
3.35,3.60,0.48,-1423.01,2.60,nan
3.35,3.59,0.38,-960.33,2.49,nan
3.35,3.57,0.22,-626.77,2.41,nan
3.35,3.56,0.07,-411.57,2.52,nan
3.35,3.54,-0.17,-271.69,2.48,nan
3.35,3.52,-0.38,-182.92,2.51,nan
3.35,3.51,-0.74,-142.57,2.49,nan
3.35,3.49,-1.03,-112.98,2.49,nan
3.35,3.47,-1.49,-78.01,2.51,nan
3.35,3.45,-1.80,-64.56,2.60,nan
3.35,3.43,-2.33,-64.56,2.39,nan
3.35,3.41,-2.69,-53.80,2.59,nan
3.35,3.39,-3.24,131.81,2.40,nan
3.35,3.37,-3.62,712.85,2.50,nan
3.35,3.36,-4.15,1078.69,2.55,nan
3.35,3.35,-4.46,1172.84,2.48,nan
3.35,3.34,-4.87,1035.65,2.48,nan
3.35,3.34,-5.06,777.41,2.52,nan
3.35,3.34,-5.23,500.34,2.47,nan
3.35,3.34,-5.25,320.11,2.59,nan
3.35,3.34,-5.20,96.84,2.41,nan
3.35,3.34,-5.11,-24.21,2.50,nan
3.35,3.35,-4.87,-80.70,2.50,nan
3.35,3.35,-4.65,-158.71,2.52,nan
3.35,3.35,-4.29,-145.26,2.47,nan
3.35,3.35,-4.00,-134.50,2.52,nan
3.35,3.35,-3.53,-83.39,2.52,nan
3.35,3.35,-3.19,-29.59,2.56,nan
3.35,3.35,-2.71,-8.07,2.44,nan
3.35,3.35,-2.40,2.69,2.56,nan
3.35,3.35,-1.97,8.07,2.42,nan
3.35,3.35,-1.70,16.14,2.50,nan
3.35,3.35,-1.37,5.38,2.49,nan
3.35,3.35,-1.18,0.00,2.53,nan
3.35,3.35,-0.96,0.00,2.47,nan
3.35,3.35,-0.84,0.00,2.52,nan
3.35,3.35,-0.67,0.00,2.47,nan
3.35,3.35,-0.60,0.00,2.52,nan
3.35,3.35,-0.50,0.00,2.58,nan
3.35,3.35,-0.46,0.00,2.42,nan
3.35,3.35,-0.38,0.00,2.52,nan
3.35,3.35,-0.34,0.00,2.53,nan
3.35,3.35,-0.29,0.00,2.46,nan
3.35,3.35,-0.24,0.00,2.49,nan
3.35,3.35,-0.22,2.69,2.50,nan
3.35,3.35,-0.19,0.00,2.50,nan
3.35,3.35,-0.14,-5.38,2.49,nan
3.35,3.35,-0.12,-2.69,2.51,nan
3.35,3.35,-0.10,-2.69,2.49,nan
3.35,3.35,-0.10,-2.69,2.50,nan
2.73,3.35,-0.07,-2.69,2.52,nan
2.73,3.35,-0.07,-1527.92,2.48,nan
2.73,3.34,-0.07,-1404.18,2.50,nan
2.73,3.33,-0.10,-930.74,2.50,nan
2.73,3.31,-0.19,-602.56,2.48,nan
2.73,3.29,-0.29,-406.19,2.50,nan
2.73,3.28,-0.50,-274.38,2.50,nan
2.73,3.26,-0.67,-188.30,2.50,nan
2.73,3.24,-1.01,-129.12,2.50,nan
2.73,3.22,-1.25,-104.91,2.54,nan
2.73,3.20,-1.68,-91.46,2.48,nan
2.73,3.18,-1.97,-61.87,2.52,nan
2.73,3.16,-2.47,-59.18,2.47,nan
2.73,3.15,-2.81,-61.87,2.56,nan
2.73,3.13,-3.36,-48.42,2.44,nan
2.73,3.11,-3.72,-43.04,2.53,nan
2.73,3.09,-4.27,-51.11,2.47,nan
2.73,3.07,-4.58,-45.73,2.51,nan
2.73,3.05,-5.04,-34.97,2.50,nan
2.73,3.03,-5.30,-45.73,2.52,nan
2.73,3.01,-5.66,-45.73,2.48,nan
2.73,2.99,-5.88,-34.97,2.54,nan
2.73,2.97,-6.16,-43.04,2.46,nan
2.73,2.95,-6.31,-48.42,2.57,nan
2.73,2.93,-6.52,-34.97,2.43,nan
2.73,2.92,-6.64,-37.66,2.53,nan
2.73,2.89,-6.81,-48.42,2.46,nan
2.73,2.87,-6.91,-34.97,2.53,nan
2.73,2.86,-7.03,-34.97,2.46,nan
2.73,2.84,-7.10,-45.73,2.50,nan
2.73,2.82,-7.19,-37.66,2.50,nan
2.73,2.80,-7.24,-34.97,2.55,nan
2.73,2.78,-7.31,-45.73,2.45,nan
2.73,2.76,-7.36,446.54,2.50,nan
2.73,2.74,-7.41,989.92,2.50,nan
2.73,2.73,-7.41,1180.91,2.52,nan
2.73,2.72,-7.41,1145.94,2.49,nan
2.73,2.72,-7.36,909.22,2.54,nan
2.73,2.72,-7.22,694.02,2.45,nan
2.73,2.72,-7.07,400.81,2.54,nan
2.73,2.72,-6.79,142.57,2.46,nan
2.73,2.73,-6.55,-24.21,2.56,nan
2.73,2.73,-6.12,-139.88,2.44,nan
2.73,2.73,-5.80,-118.36,2.52,nan
2.73,2.73,-5.30,-139.88,2.51,nan
2.73,2.73,-4.92,-107.60,2.51,nan
2.73,2.73,-4.34,-99.53,2.46,nan
2.73,2.73,-3.96,-61.87,2.53,nan
2.73,2.73,-3.36,-29.59,2.47,nan
2.73,2.73,-2.97,16.14,2.53,nan
2.73,2.73,-2.45,18.83,2.48,nan
2.73,2.73,-2.13,8.07,2.52,nan
3.91,2.73,-1.73,0.00,2.50,nan
3.91,2.73,-1.51,1519.85,2.50,nan
3.91,2.74,-1.20,1398.80,2.48,nan
3.91,2.75,-1.01,925.36,2.52,nan
3.91,2.77,-0.72,599.87,2.47,nan
3.91,2.78,-0.50,395.43,2.50,nan
3.91,2.80,-0.17,252.86,2.50,nan
3.91,2.82,0.07,164.09,2.50,nan
3.91,2.84,0.48,123.74,2.50,nan
3.91,2.86,0.79,94.15,2.52,nan
3.91,2.88,1.29,64.56,2.48,nan
3.91,2.89,1.63,45.73,2.50,nan
3.91,2.92,2.18,45.73,2.50,nan
3.91,2.93,2.57,37.66,2.52,nan
3.91,2.95,3.17,29.59,2.47,nan
3.91,2.97,3.57,32.28,2.50,nan
3.91,2.99,4.12,34.97,2.50,nan
3.91,3.01,4.48,21.52,2.52,nan
3.91,3.03,4.96,26.90,2.48,nan
3.91,3.05,5.25,32.28,2.53,nan
3.91,3.07,5.61,21.52,2.47,nan
3.91,3.09,5.85,24.21,2.52,nan
3.91,3.11,6.14,32.28,2.49,nan
3.91,3.13,6.31,21.52,2.51,nan
3.91,3.14,6.52,18.83,2.48,nan
3.91,3.16,6.64,29.59,2.52,nan
3.91,3.18,6.81,24.21,2.48,nan
3.91,3.20,6.88,18.83,2.50,nan
3.91,3.22,7.00,29.59,2.50,nan
3.91,3.24,7.07,26.90,2.53,nan
3.91,3.26,7.17,16.14,2.47,nan
3.91,3.28,7.22,26.90,2.52,nan
3.91,3.30,7.27,32.28,2.50,nan
3.91,3.32,7.31,18.83,2.49,nan
3.91,3.34,7.34,24.21,2.49,nan
3.91,3.36,7.39,32.28,2.52,nan
3.91,3.38,7.41,21.52,2.47,nan
3.91,3.40,7.43,24.21,2.51,nan
3.91,3.42,7.46,29.59,2.49,nan
3.91,3.44,7.48,24.21,2.53,nan
3.91,3.46,7.51,21.52,2.47,nan
3.91,3.47,7.51,29.59,2.55,nan
3.91,3.49,7.53,24.21,2.45,nan
3.91,3.51,7.53,18.83,2.58,nan
3.91,3.53,7.55,26.90,2.42,nan
3.91,3.55,7.55,26.90,2.54,nan
3.91,3.57,7.58,16.14,2.45,nan
3.91,3.59,7.58,24.21,2.49,nan
3.91,3.61,7.58,29.59,2.50,nan
3.91,3.63,7.58,16.14,2.52,nan
3.91,3.65,7.60,24.21,2.48,nan
3.91,3.67,7.60,32.28,2.53,nan
3.58,3.69,7.60,21.52,2.46,nan
3.58,3.70,7.60,-2964.38,2.52,nan
3.58,3.71,7.58,-2800.29,2.48,nan
3.58,3.70,7.51,-1861.48,2.52,nan
3.58,3.69,7.31,-1207.81,2.49,nan
3.58,3.68,7.10,-774.72,2.51,nan
3.58,3.66,6.67,-508.41,2.47,nan
3.58,3.65,6.31,-333.56,2.52,nan
3.58,3.63,5.66,-161.40,2.48,nan
3.58,3.61,5.13,441.16,2.53,nan
3.58,3.60,4.32,895.77,2.47,nan
3.58,3.59,3.72,1105.59,2.51,nan
3.58,3.58,2.78,1059.86,2.51,nan
3.58,3.57,2.13,831.21,2.51,nan
3.58,3.57,1.22,618.70,2.59,nan
3.58,3.58,0.62,365.84,2.41,nan
3.58,3.58,-0.10,190.99,2.48,nan
3.58,3.58,-0.53,37.66,2.52,nan
3.58,3.58,-1.01,-83.39,2.48,nan
3.58,3.58,-1.22,-126.43,2.50,nan
3.58,3.59,-1.44,-161.40,2.50,nan
3.58,3.59,-1.49,-147.95,2.52,nan
3.58,3.59,-1.46,-102.22,2.48,nan
3.58,3.58,-1.37,-53.80,2.50,nan
3.58,3.58,-1.22,-8.07,2.50,nan
3.58,3.58,-1.08,-8.07,2.51,nan
3.58,3.58,-0.86,8.07,2.49,nan
3.58,3.58,-0.74,5.38,2.51,nan
3.58,3.58,-0.58,0.00,2.48,nan
3.58,3.58,-0.48,0.00,2.52,nan
3.58,3.58,-0.36,0.00,2.48,nan
3.58,3.58,-0.31,0.00,2.50,nan
3.58,3.58,-0.24,0.00,2.50,nan
3.58,3.58,-0.19,-16.14,2.52,nan
3.58,3.58,-0.17,0.00,2.48,nan
3.58,3.58,-0.14,0.00,2.54,nan
3.58,3.58,-0.12,0.00,2.46,nan
3.58,3.58,-0.12,-13.45,2.52,nan
3.58,3.58,-0.10,0.00,2.48,nan
3.58,3.58,-0.10,0.00,2.53,nan
3.58,3.58,-0.07,0.00,2.47,nan
3.58,3.58,-0.07,0.00,2.49,nan
3.58,3.58,-0.05,0.00,2.50,nan
3.58,3.58,-0.05,0.00,2.52,nan
3.58,3.58,-0.02,0.00,2.48,nan
3.58,3.58,-0.02,0.00,2.50,nan
3.58,3.58,-0.02,0.00,2.50,nan
3.58,3.58,-0.02,0.00,2.51,nan
3.58,3.58,0.00,0.00,2.49,nan
3.58,3.58,0.00,0.00,2.52,nan
3.58,3.58,0.00,0.00,2.48,nan
3.58,3.58,0.00,0.00,2.52,nan
2.96,3.58,0.00,0.00,2.48,nan
2.96,3.58,0.00,-1490.26,2.51,nan
2.96,3.57,0.00,-1420.32,2.47,nan
2.96,3.56,-0.05,-949.57,2.54,nan
2.96,3.55,-0.14,-621.39,2.48,nan
2.96,3.53,-0.24,-408.88,2.59,nan
2.96,3.51,-0.46,-274.38,2.41,nan
2.96,3.50,-0.65,-182.92,2.52,nan
2.96,3.48,-0.96,-134.50,2.47,nan
2.96,3.46,-1.22,-107.60,2.52,nan
2.96,3.44,-1.63,-88.77,2.48,nan
2.96,3.42,-1.94,-64.56,2.53,nan
2.96,3.40,-2.45,-59.18,2.47,nan
2.96,3.38,-2.78,-59.18,2.52,nan
2.96,3.36,-3.33,-43.04,2.49,nan
2.96,3.34,-3.72,-43.04,2.50,nan
2.96,3.32,-4.24,-51.11,2.49,nan
2.96,3.30,-4.58,-37.66,2.53,nan
2.96,3.28,-5.04,-37.66,2.49,nan
2.96,3.26,-5.30,-45.73,2.54,nan
2.96,3.24,-5.66,-40.35,2.45,nan
2.96,3.23,-5.88,-34.97,2.50,nan
2.96,3.21,-6.14,-43.04,2.51,nan
2.96,3.19,-6.31,-43.04,2.49,nan
2.96,3.17,-6.52,-32.28,2.49,nan
2.96,3.15,-6.64,-40.35,2.52,nan
2.96,3.13,-6.81,-43.04,2.48,nan
2.96,3.11,-6.88,-34.97,2.51,nan
2.96,3.09,-7.00,-37.66,2.49,nan
2.96,3.07,-7.07,-48.42,2.53,nan
2.96,3.05,-7.17,-34.97,2.51,nan
2.96,3.03,-7.22,-34.97,2.47,nan
2.96,3.02,-7.29,-45.73,2.51,nan
2.96,3.00,-7.31,217.89,2.49,nan
2.96,2.98,-7.36,763.96,2.61,nan
2.96,2.96,-7.39,1129.80,2.41,nan
2.96,2.95,-7.39,1186.29,2.46,nan
2.96,2.95,-7.36,1024.89,2.52,nan
2.96,2.95,-7.24,731.68,2.48,nan
2.96,2.95,-7.12,478.82,2.50,nan
2.96,2.95,-6.86,282.45,2.50,nan
2.96,2.95,-6.64,69.94,2.51,nan
2.96,2.95,-6.26,-37.66,2.49,nan
2.96,2.96,-5.97,-134.50,2.52,nan
2.96,2.96,-5.47,-174.85,2.49,nan
2.96,2.96,-5.11,-147.95,2.51,nan
2.96,2.96,-4.56,-123.74,2.48,nan
2.96,2.96,-4.15,-75.32,2.49,nan
2.96,2.96,-3.57,-24.21,2.52,nan
2.96,2.96,-3.19,-2.69,2.48,nan
2.96,2.96,-2.64,24.21,2.50,nan
2.96,2.96,-2.33,13.45,2.52,nan
3.51,2.96,-1.89,2.69,2.47,nan
3.51,2.96,-1.63,1546.75,2.52,nan
3.51,2.97,-1.32,1388.04,2.49,nan
3.51,2.98,-1.10,925.36,2.54,nan
3.51,2.99,-0.79,594.49,2.46,nan
3.51,3.01,-0.58,387.36,2.50,nan
3.51,3.03,-0.22,247.48,2.51,nan
3.51,3.04,0.00,174.85,2.50,nan
3.51,3.06,0.43,129.12,2.48,nan
3.51,3.08,0.74,88.77,2.51,nan
3.51,3.10,1.22,61.87,2.53,nan
3.51,3.12,1.58,53.80,2.48,nan
3.51,3.14,2.13,51.11,2.48,nan
3.51,3.16,2.52,32.28,2.52,nan
3.51,3.18,3.09,32.28,2.47,nan
3.51,3.20,3.50,37.66,2.52,nan
3.51,3.21,4.05,26.90,2.48,nan
3.51,3.23,4.41,26.90,2.52,nan
3.51,3.25,4.89,32.28,2.48,nan
3.51,3.27,5.18,26.90,2.52,nan
3.51,3.29,5.54,24.21,2.48,nan
3.51,3.31,5.78,34.97,2.50,nan
3.51,3.33,6.07,26.90,2.49,nan
3.51,3.35,6.24,21.52,2.53,nan
3.51,3.37,6.45,29.59,2.46,nan
3.51,3.39,6.57,32.28,2.53,nan
3.51,3.41,6.74,18.83,2.48,nan
3.51,3.43,6.83,26.90,2.52,nan
3.51,3.45,6.95,34.97,2.48,nan
3.51,3.47,7.03,-91.46,2.50,nan
3.51,3.49,7.12,-653.67,2.50,nan
3.51,3.50,7.17,-1043.72,2.51,nan
3.51,3.51,7.22,-1199.74,2.50,nan
3.51,3.52,7.22,-1062.55,2.53,nan
3.51,3.52,7.15,-833.90,2.50,nan
3.51,3.52,7.05,-610.63,2.47,nan
3.51,3.52,6.83,-295.90,2.50,nan
3.51,3.52,6.62,-123.74,2.52,nan
3.51,3.51,6.26,16.14,2.48,nan
3.51,3.51,6.00,123.74,2.52,nan
3.51,3.51,5.52,110.29,2.53,nan
3.51,3.51,5.16,126.43,2.47,nan
3.51,3.51,4.60,112.98,2.47,nan
3.51,3.51,4.22,94.15,2.51,nan
3.51,3.51,3.65,53.80,2.49,nan
3.51,3.51,3.26,2.69,2.51,nan
3.51,3.51,2.71,-16.14,2.50,nan
3.51,3.51,2.37,-32.28,2.51,nan
3.51,3.51,1.94,-21.52,2.50,nan
3.51,3.51,1.68,-13.45,2.51,nan
3.51,3.51,1.37,-8.07,2.46,nan
3.51,3.51,1.18,-2.69,2.52,nan
3.81,3.51,0.96,-13.45,2.48,nan
3.81,3.51,0.84,1501.02,2.51,nan
3.81,3.52,0.72,1390.73,2.50,nan
3.81,3.53,0.67,917.29,2.53,nan
3.81,3.55,0.67,591.80,2.46,nan
3.81,3.56,0.72,390.05,2.58,nan
3.81,3.58,0.86,263.62,2.41,nan
3.81,3.60,1.01,174.85,2.50,nan
3.81,3.62,1.27,115.67,2.50,nan
3.81,3.64,1.49,91.46,2.52,nan
3.81,3.65,1.87,75.32,2.48,nan
3.81,3.67,2.16,48.42,2.52,nan
3.81,3.69,2.61,43.04,2.47,nan
3.81,3.71,2.95,45.73,2.51,nan
3.81,3.73,3.48,32.28,2.49,nan
3.81,3.75,3.84,29.59,2.52,nan
3.81,3.77,4.36,-258.24,2.47,nan
3.81,3.79,4.68,-807.00,2.52,nan
3.81,3.80,5.11,-1097.52,2.48,nan
3.81,3.81,5.35,-1197.05,2.52,nan
3.81,3.81,5.61,-976.47,2.47,nan
3.81,3.82,5.71,-769.34,2.55,nan
3.81,3.82,5.76,-492.27,2.45,nan
3.81,3.81,5.73,-242.10,2.51,nan
3.81,3.81,5.59,-67.25,2.53,nan
3.81,3.81,5.42,64.56,2.45,nan
3.81,3.81,5.11,131.81,2.50,nan
3.81,3.81,4.87,164.09,2.52,nan
3.81,3.81,4.44,123.74,2.48,nan
3.81,3.80,4.10,102.22,2.53,nan
3.81,3.80,3.60,78.01,2.47,nan
3.81,3.81,3.26,16.14,2.52,nan
3.81,3.81,2.73,0.00,2.52,nan
3.81,3.81,2.42,-2.69,2.51,nan
3.81,3.81,1.97,-24.21,2.45,nan
3.81,3.81,1.70,-18.83,2.51,nan
3.81,3.81,1.37,-10.76,2.49,nan
3.81,3.81,1.20,-2.69,2.55,nan
3.81,3.81,0.96,-2.69,2.45,nan
3.81,3.81,0.84,0.00,2.51,nan
3.81,3.81,0.70,0.00,2.48,nan
3.81,3.81,0.60,0.00,2.52,nan
3.81,3.81,0.50,0.00,2.48,nan
3.81,3.81,0.46,0.00,2.52,nan
3.81,3.81,0.38,0.00,2.48,nan
3.81,3.81,0.34,0.00,2.51,nan
3.81,3.81,0.29,0.00,2.49,nan
3.81,3.81,0.24,0.00,2.55,nan
3.81,3.81,0.22,0.00,2.45,nan
3.81,3.81,0.19,0.00,2.52,nan
3.81,3.81,0.14,0.00,2.52,nan
3.81,3.81,0.12,0.00,2.48,nan
3.17,3.81,0.10,0.00,2.48,nan
3.17,3.80,0.10,-1487.57,2.56,nan
3.17,3.80,0.07,-1412.25,2.45,nan
3.17,3.78,0.02,-941.50,2.51,nan
3.17,3.77,-0.07,-610.63,2.48,nan
3.17,3.75,-0.19,-408.88,2.52,nan
3.17,3.74,-0.41,-282.45,2.52,nan
3.17,3.72,-0.60,-188.30,2.51,nan
3.17,3.70,-0.94,-131.81,2.45,nan
3.17,3.68,-1.18,-110.29,2.52,nan
3.17,3.66,-1.61,-86.08,2.48,nan
3.17,3.64,-1.92,-61.87,2.52,nan
3.17,3.62,-2.40,-56.49,2.48,nan
3.17,3.60,-2.76,-61.87,2.51,nan
3.17,3.58,-3.31,-43.04,2.50,nan
3.17,3.56,-3.67,-40.35,2.52,nan
3.17,3.55,-4.22,-48.42,2.47,nan
3.17,3.53,-4.56,-43.04,2.50,nan
3.17,3.51,-5.01,-37.66,2.50,nan
3.17,3.49,-5.28,-45.73,2.53,nan
3.17,3.47,-5.66,-43.04,2.47,nan
3.17,3.45,-5.88,-34.97,2.50,nan
3.17,3.43,-6.14,-43.04,2.50,nan
3.17,3.41,-6.31,-43.04,2.52,nan
3.17,3.39,-6.52,-32.28,2.48,nan
3.17,3.37,-6.64,-40.35,2.52,nan
3.17,3.35,-6.81,-45.73,2.48,nan
3.17,3.33,-6.91,-32.28,2.52,nan
3.17,3.31,-7.00,-37.66,2.49,nan
3.17,3.29,-7.07,-48.42,2.55,nan
3.17,3.27,-7.17,-34.97,2.44,nan
3.17,3.26,-7.22,-34.97,2.52,nan
3.17,3.24,-7.27,-45.73,2.47,nan
3.17,3.22,-7.31,-8.07,2.53,nan
3.17,3.20,-7.36,484.20,2.48,nan
3.17,3.18,-7.39,979.16,2.52,nan
3.17,3.17,-7.39,1180.91,2.57,nan
3.17,3.16,-7.36,1116.35,2.43,nan
3.17,3.16,-7.29,928.05,2.47,nan
3.17,3.16,-7.19,656.36,2.50,nan
3.17,3.16,-6.98,371.22,2.50,nan
3.17,3.16,-6.79,156.02,2.53,nan
3.17,3.16,-6.43,0.00,2.48,nan
3.17,3.16,-6.16,-86.08,2.52,nan
3.17,3.17,-5.68,-123.74,2.48,nan
3.17,3.17,-5.35,-153.33,2.52,nan
3.17,3.17,-4.80,-118.36,2.48,nan
3.17,3.17,-4.41,-102.22,2.50,nan
3.17,3.17,-3.84,-59.18,2.50,nan
3.17,3.17,-3.43,-29.59,2.53,nan
3.17,3.17,-2.88,10.76,2.51,nan
3.17,3.17,-2.52,-5.38,2.49,nan
2.99,3.17,-2.06,0.00,2.48,nan
2.99,3.17,-1.80,-1495.64,2.59,nan
2.99,3.16,-1.46,-1404.18,2.41,nan
2.99,3.15,-1.29,-949.57,2.51,nan
2.99,3.13,-1.15,-621.39,2.49,nan
2.99,3.12,-1.13,-411.57,2.53,nan
2.99,3.10,-1.20,-269.00,2.48,nan
2.99,3.08,-1.29,-182.92,2.52,nan
2.99,3.06,-1.51,-134.50,2.47,nan
2.99,3.04,-1.70,-110.29,2.50,nan
2.99,3.03,-2.04,86.08,2.50,nan
2.99,3.01,-2.30,691.33,2.52,nan
2.99,2.99,-2.73,1078.69,2.47,nan
2.99,2.98,-3.02,1151.32,2.53,nan
2.99,2.98,-3.45,1032.96,2.47,nan
2.99,2.97,-3.72,807.00,2.50,nan
2.99,2.98,-4.03,562.21,2.54,nan
2.99,2.98,-4.17,290.52,2.48,nan
2.99,2.98,-4.27,53.80,2.51,nan
2.99,2.98,-4.24,-34.97,2.48,nan
2.99,2.98,-4.15,-107.60,2.50,nan
2.99,2.99,-4.00,-172.16,2.50,nan
2.99,2.99,-3.74,-118.36,2.49,nan
2.99,2.99,-3.53,-123.74,2.56,nan
2.99,2.99,-3.12,-91.46,2.45,nan
2.99,2.99,-2.83,-53.80,2.49,nan
2.99,2.99,-2.40,-13.45,2.51,nan
2.99,2.99,-2.13,18.83,2.49,nan
2.99,2.99,-1.73,24.21,2.50,nan
2.99,2.99,-1.51,10.76,2.50,nan
2.99,2.99,-1.20,0.00,2.49,nan
2.99,2.99,-1.03,0.00,2.50,nan
2.99,2.99,-0.84,0.00,2.50,nan
2.99,2.99,-0.72,0.00,2.52,nan
2.99,2.99,-0.60,0.00,2.49,nan
2.99,2.99,-0.53,0.00,2.50,nan
2.99,2.99,-0.43,0.00,2.49,nan
2.99,2.99,-0.38,0.00,2.55,nan
2.99,2.99,-0.34,0.00,2.45,nan
2.99,2.99,-0.29,0.00,2.60,nan
2.99,2.99,-0.24,0.00,2.40,nan
2.99,2.99,-0.22,0.00,2.60,nan
2.99,2.99,-0.19,0.00,2.40,nan
2.99,2.99,-0.17,5.38,2.55,nan
2.99,2.99,-0.12,-2.69,2.44,nan
2.99,2.99,-0.12,-2.69,2.55,nan
2.99,2.99,-0.10,-2.69,2.45,nan
2.99,2.99,-0.07,-2.69,2.56,nan
2.99,2.99,-0.07,-2.69,2.44,nan
2.99,2.99,-0.05,-2.69,2.57,nan
2.99,2.99,-0.05,-2.69,2.43,nan
2.99,2.99,-0.05,-2.69,2.53,nan
3.77,2.99,-0.02,-2.69,2.47,nan
3.77,2.99,-0.02,1511.78,2.56,nan
3.77,3.00,0.00,1388.04,2.45,nan
3.77,3.01,0.00,933.43,2.49,nan
3.77,3.02,0.12,602.56,2.50,nan
3.77,3.04,0.22,390.05,2.55,nan
3.77,3.05,0.43,252.86,2.45,nan
3.77,3.07,0.62,169.47,2.54,nan
3.77,3.09,0.94,129.12,2.46,nan
3.77,3.11,1.20,94.15,2.50,nan
3.77,3.13,1.61,59.18,2.51,nan
3.77,3.15,1.92,53.80,2.49,nan
3.77,3.17,2.42,51.11,2.53,nan
3.77,3.18,2.76,34.97,2.46,nan
3.77,3.20,3.31,29.59,2.54,nan
3.77,3.22,3.67,34.97,2.50,nan
3.77,3.24,4.20,29.59,2.46,nan
3.77,3.26,4.53,21.52,2.54,nan
3.77,3.28,4.99,29.59,2.50,nan
3.77,3.30,5.28,29.59,2.47,nan
3.77,3.32,5.64,18.83,2.50,nan
3.77,3.34,5.85,26.90,2.50,nan
3.77,3.36,6.12,32.28,2.50,nan
3.77,3.38,6.28,18.83,2.53,nan
3.77,3.40,6.50,24.21,2.47,nan
3.77,3.42,6.62,29.59,2.53,nan
3.77,3.44,6.79,18.83,2.48,nan
3.77,3.46,6.88,21.52,2.50,nan
3.77,3.48,7.00,32.28,2.52,nan
3.77,3.50,7.07,24.21,2.50,nan
3.77,3.51,7.15,18.83,2.48,nan
3.77,3.53,7.19,29.59,2.52,nan
3.77,3.55,7.27,21.52,2.48,nan
3.77,3.57,7.31,18.83,2.52,nan
3.77,3.59,7.36,26.90,2.48,nan
3.77,3.61,7.39,26.90,2.58,nan
3.77,3.63,7.43,16.14,2.43,nan
3.77,3.65,7.46,24.21,2.52,nan
3.77,3.67,7.48,29.59,2.48,nan
3.77,3.69,7.48,16.14,2.52,nan
3.77,3.71,7.51,24.21,2.47,nan
3.77,3.73,7.53,-18.83,2.51,nan
3.77,3.75,7.55,-570.28,2.50,nan
3.77,3.76,7.55,-1027.58,2.51,nan
3.77,3.77,7.53,-1175.53,2.51,nan
3.77,3.78,7.51,-1113.66,2.50,nan
3.77,3.78,7.39,-844.66,2.47,nan
3.77,3.78,7.27,-616.01,2.56,nan
3.77,3.78,7.03,-376.60,2.45,nan
3.77,3.78,6.81,-169.47,2.51,nan
3.77,3.78,6.45,10.76,2.51,nan
3.77,3.77,6.14,80.70,2.49,nan
2.42,3.77,5.66,115.67,2.49,nan
2.42,3.77,5.30,-1393.42,2.52,nan
2.42,3.76,4.75,-1312.72,2.50,nan
2.42,3.75,4.32,-887.70,2.47,nan
2.42,3.74,3.62,-578.35,2.50,nan
2.42,3.72,3.12,-376.60,2.56,nan
2.42,3.70,2.35,-250.17,2.46,nan
2.42,3.68,1.82,-180.23,2.52,nan
2.42,3.66,1.03,-139.88,2.52,nan
2.42,3.64,0.50,-99.53,2.47,nan
2.42,3.63,-0.24,-72.63,2.48,nan
2.42,3.61,-0.74,-69.94,2.52,nan
2.42,3.59,-1.46,-61.87,2.47,nan
2.42,3.57,-1.94,-48.42,2.52,nan
2.42,3.55,-2.64,-43.04,2.47,nan
2.42,3.53,-3.09,-53.80,2.50,nan
2.42,3.51,-3.74,-37.66,2.51,nan
2.42,3.49,-4.15,-37.66,2.52,nan
2.42,3.47,-4.68,-48.42,2.47,nan
2.42,3.45,-4.99,-37.66,2.51,nan
2.42,3.43,-5.42,-34.97,2.49,nan
2.42,3.41,-5.66,-43.04,2.52,nan
2.42,3.39,-5.97,-40.35,2.48,nan
2.42,3.37,-6.16,-32.28,2.52,nan
2.42,3.35,-6.40,-45.73,2.52,nan
2.42,3.33,-6.55,-43.04,2.48,nan
2.42,3.31,-6.71,-34.97,2.48,nan
2.42,3.30,-6.81,-37.66,2.53,nan
2.42,3.28,-6.95,-43.04,2.47,nan
2.42,3.26,-7.03,-32.28,2.53,nan
2.42,3.24,-7.12,-34.97,2.48,nan
2.42,3.22,-7.17,-45.73,2.52,nan
2.42,3.20,-7.24,-32.28,2.49,nan
2.42,3.18,-7.27,-34.97,2.50,nan
2.42,3.16,-7.34,-45.73,2.55,nan
2.42,3.14,-7.36,-34.97,2.46,nan
2.42,3.12,-7.39,-34.97,2.47,nan
2.42,3.10,-7.41,-45.73,2.50,nan
2.42,3.08,-7.43,-37.66,2.53,nan
2.42,3.06,-7.46,-32.28,2.50,nan
2.42,3.04,-7.48,-43.04,2.86,nan
2.42,3.03,-7.51,-43.04,2.32,nan
2.42,3.00,-7.53,-34.97,3.79,nan
2.42,2.98,-7.53,-43.04,1.37,nan
2.42,2.96,-7.55,-43.04,3.59,nan
2.42,2.95,-7.55,-32.28,1.35,nan
2.42,2.93,-7.58,-40.35,2.20,nan
2.42,2.91,-7.58,-43.04,2.49,nan
2.42,2.89,-7.60,-32.28,2.53,nan
2.42,2.87,-7.60,-34.97,2.50,nan
2.42,2.85,-7.60,-45.73,2.49,nan
2.42,2.83,-7.63,-32.28,2.53,nan
3.07,2.81,-7.63,-34.97,2.44,nan
3.07,2.80,-7.63,2953.62,2.56,nan
3.07,2.79,-7.60,2784.15,2.44,nan
3.07,2.80,-7.55,1861.48,2.52,nan
3.07,2.81,-7.34,1178.22,2.51,nan
3.07,2.82,-7.15,745.13,2.52,nan
3.07,2.84,-6.69,484.20,2.45,nan
3.07,2.85,-6.33,322.80,2.49,nan
3.07,2.87,-5.68,220.58,2.50,nan
3.07,2.89,-5.16,145.26,2.52,nan
3.07,2.91,-4.32,99.53,2.47,nan
3.07,2.93,-3.69,78.01,2.53,nan
3.07,2.95,-2.71,61.87,2.47,nan
3.07,2.97,-1.99,40.35,2.54,nan
3.07,2.99,-0.89,40.35,2.49,nan
3.07,3.01,-0.14,43.04,2.47,nan
3.07,3.03,0.91,-18.83,2.50,nan
3.07,3.04,1.58,-572.97,2.55,nan
3.07,3.06,2.49,-984.54,2.48,nan
3.07,3.07,3.02,-1183.60,2.50,nan
3.07,3.08,3.67,-1116.35,2.51,nan
3.07,3.08,4.03,-911.91,2.47,nan
3.07,3.08,4.41,-616.01,2.50,nan
3.07,3.08,4.56,-347.01,2.50,nan
3.07,3.08,4.68,-150.64,2.50,nan
3.07,3.07,4.65,10.76,2.52,nan
3.07,3.07,4.51,75.32,2.48,nan
3.07,3.07,4.36,161.40,2.52,nan
3.07,3.07,4.08,121.05,2.48,nan
3.07,3.07,3.84,83.39,2.52,nan
3.07,3.07,3.43,72.63,2.49,nan
3.07,3.07,3.12,45.73,2.51,nan
3.07,3.07,2.66,16.14,2.49,nan
3.07,3.07,2.35,-10.76,2.50,nan
3.07,3.07,1.94,-13.45,2.50,nan
3.07,3.07,1.68,-18.83,2.50,nan
3.07,3.07,1.34,-10.76,2.49,nan
3.07,3.07,1.18,2.69,2.52,nan
3.07,3.07,0.94,-2.69,2.47,nan
3.07,3.07,0.82,-2.69,2.52,nan
3.07,3.07,0.67,-2.69,2.47,nan
3.07,3.07,0.58,-2.69,2.51,nan
3.07,3.07,0.48,-2.69,2.49,nan
3.07,3.07,0.43,-2.69,2.52,nan
3.07,3.07,0.36,-2.69,2.50,nan
3.07,3.07,0.31,-2.69,2.48,nan
3.07,3.07,0.26,-2.69,2.50,nan
3.07,3.07,0.24,-2.69,2.50,nan
3.07,3.07,0.19,-2.69,2.50,nan
3.07,3.07,0.17,-2.69,2.52,nan
3.07,3.07,0.14,-2.69,2.51,nan
3.07,3.07,0.12,-2.69,2.57,nan
2.88,3.07,0.10,-2.69,2.43,nan
2.88,3.07,0.10,-1511.78,2.47,nan
2.88,3.06,0.05,-1412.25,2.52,nan
2.88,3.05,0.02,-938.81,2.54,nan
2.88,3.03,-0.07,-607.94,2.43,nan
2.88,3.02,-0.19,-406.19,2.53,nan
2.88,3.00,-0.41,-282.45,2.48,nan
2.88,2.98,-0.60,-190.99,2.52,nan
2.88,2.96,-0.94,-131.81,2.48,nan
2.88,2.95,-1.20,-104.91,2.52,nan
2.88,2.93,-1.61,34.97,2.48,nan
2.88,2.91,-1.92,640.22,2.51,nan
2.88,2.89,-2.42,1086.76,2.48,nan
2.88,2.88,-2.73,1170.15,2.53,nan
2.88,2.88,-3.24,1073.31,2.48,nan
2.88,2.87,-3.50,817.76,2.52,nan
2.88,2.87,-3.86,546.07,2.48,nan
2.88,2.88,-4.03,282.45,2.52,nan
2.88,2.88,-4.15,56.49,2.48,nan
2.88,2.88,-4.15,-29.59,2.52,nan
2.88,2.88,-4.08,-75.32,2.50,nan
2.88,2.88,-3.96,-142.57,2.50,nan
2.88,2.88,-3.69,-134.50,2.50,nan
2.88,2.89,-3.48,-131.81,2.49,nan
2.88,2.89,-3.12,-102.22,2.54,nan
2.88,2.89,-2.83,-29.59,2.46,nan
2.88,2.88,-2.40,-24.21,2.50,nan
2.88,2.89,-2.11,0.00,2.49,nan
2.88,2.88,-1.73,13.45,2.49,nan
2.88,2.88,-1.49,16.14,2.50,nan
2.88,2.88,-1.20,5.38,2.50,nan
2.88,2.88,-1.03,0.00,2.50,nan
2.88,2.88,-0.84,0.00,2.50,nan
2.88,2.88,-0.72,0.00,2.52,nan
2.88,2.88,-0.58,0.00,2.49,nan
2.88,2.88,-0.50,0.00,2.51,nan
2.88,2.88,-0.43,0.00,2.48,nan
2.88,2.88,-0.38,0.00,2.53,nan
2.88,2.88,-0.31,0.00,2.50,nan
2.88,2.88,-0.29,0.00,2.53,nan
2.88,2.88,-0.24,0.00,2.47,nan
2.88,2.88,-0.22,0.00,2.46,nan
2.88,2.88,-0.17,0.00,2.54,nan
2.88,2.88,-0.14,0.00,2.49,nan
2.88,2.88,-0.12,0.00,2.48,nan
2.88,2.88,-0.12,0.00,2.52,nan
2.88,2.88,-0.10,0.00,2.48,nan
2.88,2.88,-0.07,0.00,2.52,nan
2.88,2.88,-0.07,0.00,2.48,nan
2.88,2.88,-0.05,0.00,2.51,nan
2.88,2.88,-0.05,0.00,2.50,nan
2.88,2.88,-0.05,0.00,2.52,nan
3.18,2.88,-0.02,0.00,2.47,nan
3.18,2.89,-0.02,1498.33,2.53,nan
3.18,2.89,0.00,1377.28,2.48,nan
3.18,2.91,0.00,919.98,2.53,nan
3.18,2.92,0.12,589.11,2.49,nan
3.18,2.94,0.22,376.60,2.50,nan
3.18,2.95,0.43,250.17,2.54,nan
3.18,2.97,0.62,177.54,2.44,nan
3.18,2.99,0.96,131.81,2.52,nan
3.18,3.01,1.20,86.08,2.49,nan
3.18,3.03,1.63,64.56,2.49,nan
3.18,3.05,1.94,61.87,2.58,nan
3.18,3.07,2.45,43.04,2.44,nan
3.18,3.09,2.78,32.28,2.50,nan
3.18,3.10,3.33,34.97,2.48,nan
3.18,3.12,3.72,34.97,2.51,nan
3.18,3.14,4.24,-139.88,2.50,nan
3.18,3.16,4.58,-685.95,2.50,nan
3.18,3.17,5.01,-1092.14,2.52,nan
3.18,3.18,5.28,-1202.43,2.48,nan
3.18,3.19,5.56,-1062.55,2.53,nan
3.18,3.19,5.68,-817.76,2.48,nan
3.18,3.19,5.76,-559.52,2.50,nan
3.18,3.19,5.73,-317.42,2.50,nan
3.18,3.19,5.61,-126.43,2.47,nan
3.18,3.19,5.47,37.66,2.56,nan
3.18,3.18,5.18,134.50,2.47,nan
3.18,3.18,4.94,172.16,2.48,nan
3.18,3.18,4.51,153.33,2.52,nan
3.18,3.18,4.20,110.29,2.48,nan
3.18,3.18,3.69,86.08,2.52,nan
3.18,3.18,3.33,48.42,2.48,nan
3.18,3.18,2.83,-2.69,2.49,nan
3.18,3.18,2.49,-37.66,2.53,nan
3.18,3.18,2.04,-26.90,2.50,nan
3.18,3.18,1.77,-16.14,2.50,nan
3.18,3.18,1.44,-10.76,2.48,nan
3.18,3.18,1.25,-8.07,2.52,nan
3.18,3.18,1.01,-2.69,2.51,nan
3.18,3.18,0.86,-2.69,2.47,nan
3.18,3.18,0.72,-2.69,2.50,nan
3.18,3.18,0.62,-2.69,2.52,nan
3.18,3.18,0.53,-2.69,2.48,nan
3.18,3.18,0.48,-2.69,2.52,nan
3.18,3.18,0.41,-2.69,2.48,nan
3.18,3.18,0.36,-2.69,2.52,nan
3.18,3.18,0.29,-2.69,2.48,nan
3.18,3.18,0.26,-2.69,2.54,nan
3.18,3.18,0.22,-2.69,2.46,nan
3.18,3.18,0.19,-2.69,2.53,nan
3.18,3.18,0.14,-2.69,3.10,nan
4.06,3.18,0.12,-2.69,2.25,nan
4.06,3.18,0.12,1288.51,2.13,nan
4.06,3.19,0.10,1466.05,2.51,nan
4.06,3.21,0.14,841.97,3.81,nan
4.06,3.22,0.17,634.84,1.54,nan
4.06,3.23,0.31,411.57,2.40,nan
4.06,3.25,0.43,274.38,2.23,nan
4.06,3.27,0.67,180.23,2.61,nan
4.06,3.28,0.89,134.50,2.49,nan
4.06,3.30,1.25,86.08,2.39,nan
4.06,3.32,1.51,69.94,2.55,nan
4.06,3.34,1.97,61.87,2.44,nan
4.06,3.36,2.28,45.73,2.54,nan
4.06,3.38,2.81,34.97,2.46,nan
4.06,3.40,3.17,37.66,2.53,nan
4.06,3.42,3.69,34.97,2.46,nan
4.06,3.44,4.05,21.52,2.50,nan
4.06,3.46,4.58,26.90,2.50,nan
4.06,3.48,4.87,32.28,2.50,nan
4.06,3.50,5.30,21.52,2.50,nan
4.06,3.52,5.54,26.90,2.50,nan
4.06,3.54,5.88,29.59,2.50,nan
4.06,3.56,6.07,21.52,2.56,nan
4.06,3.57,6.33,24.21,2.45,nan
4.06,3.59,6.47,29.59,2.52,nan
4.06,3.61,6.64,24.21,2.47,nan
4.06,3.63,6.76,18.83,2.54,nan
4.06,3.65,6.91,29.59,2.50,nan
4.06,3.67,6.98,24.21,2.51,nan
4.06,3.69,7.10,18.83,2.44,nan
4.06,3.71,7.15,26.90,2.53,nan
4.06,3.73,7.22,29.59,2.49,nan
4.06,3.75,7.27,16.14,2.50,nan
4.06,3.77,7.34,24.21,2.51,nan
4.06,3.79,7.36,32.28,2.49,nan
4.06,3.81,7.41,18.83,2.47,nan
4.06,3.83,7.43,24.21,2.55,nan
4.06,3.85,7.46,29.59,2.46,nan
4.06,3.86,7.48,18.83,2.51,nan
4.06,3.89,7.51,21.52,2.50,nan
4.06,3.90,7.51,29.59,2.50,nan
4.06,3.92,7.53,21.52,2.57,nan
4.06,3.94,7.53,18.83,2.51,nan
4.06,3.96,7.55,29.59,2.44,nan
4.06,3.98,7.55,24.21,2.50,nan
4.06,4.00,7.55,18.83,2.48,nan
4.06,4.02,7.55,-172.16,2.52,nan
4.06,4.04,7.58,-702.09,2.56,nan
4.06,4.05,7.55,-1113.66,2.44,nan
4.06,4.06,7.53,-1178.22,2.47,nan
4.06,4.07,7.48,-1032.96,2.52,nan
4.06,4.07,7.34,-804.31,2.49,nan
4.06,4.07,7.22,-532.62,2.50,nan
3.14,4.07,6.95,-295.90,2.50,nan
3.14,4.06,6.71,-1409.56,2.52,nan
3.14,4.05,6.31,-1248.16,2.47,nan
3.14,4.04,5.97,-833.90,2.50,nan
3.14,4.03,5.40,-540.69,2.50,nan
3.14,4.01,4.94,-357.77,2.50,nan
3.14,3.99,4.17,-247.48,2.54,nan
3.14,3.97,3.60,-180.23,2.46,nan
3.14,3.96,2.71,-131.81,2.50,nan
3.14,3.94,2.06,-91.46,2.51,nan
3.14,3.92,1.13,-78.01,2.49,nan
3.14,3.90,0.48,-72.63,2.52,nan
3.14,3.88,-0.41,-51.11,2.56,nan
3.14,3.86,-1.01,-48.42,2.50,nan
3.14,3.84,-1.87,-53.80,2.43,nan
3.14,3.82,-2.42,-43.04,2.50,nan
3.14,3.80,-3.17,-37.66,2.48,nan
3.14,3.78,-3.62,-45.73,2.52,nan
3.14,3.76,-4.24,-43.04,2.47,nan
3.14,3.74,-4.60,-34.97,2.53,nan
3.14,3.72,-5.08,-45.73,2.57,nan
3.14,3.71,-5.37,-43.04,2.43,nan
3.14,3.69,-5.73,-32.28,2.50,nan
3.14,3.66,-5.95,-40.35,2.48,nan
3.14,3.65,-6.21,-43.04,2.50,nan
3.14,3.63,-6.38,-32.28,2.52,nan
3.14,3.61,-6.57,-34.97,2.50,nan
3.14,3.59,-6.69,-48.42,2.47,nan
3.14,3.57,-6.86,-32.28,2.51,nan
3.14,3.55,-6.95,-34.97,2.52,nan
3.14,3.53,-7.05,-45.73,2.48,nan
3.14,3.51,-7.12,-34.97,2.54,nan
3.14,3.49,-7.22,-34.97,2.46,nan
3.14,3.47,-7.27,-43.04,2.52,nan
3.14,3.45,-7.31,-40.35,2.50,nan
3.14,3.43,-7.36,-32.28,2.80,nan
3.14,3.41,-7.41,-40.35,2.17,nan
3.14,3.39,-7.43,-40.35,2.50,nan
3.14,3.37,-7.46,-32.28,2.54,nan
3.14,3.35,-7.48,-43.04,2.49,nan
3.14,3.34,-7.51,-40.35,2.48,nan
3.14,3.32,-7.51,-32.28,2.50,nan
3.14,3.30,-7.53,-37.66,2.52,nan
3.14,3.28,-7.53,-43.04,2.49,nan
3.14,3.26,-7.55,-32.28,2.50,nan
3.14,3.24,-7.55,-34.97,2.48,nan
3.14,3.22,-7.55,-45.73,2.50,nan
3.14,3.20,-7.55,-32.28,2.58,nan
3.14,3.18,-7.55,5.38,2.42,nan
3.14,3.16,-7.58,524.55,2.50,nan
3.14,3.15,-7.58,1000.68,2.50,nan
3.14,3.14,-7.55,1194.36,2.52,nan
3.14,3.13,-7.51,1097.52,2.49,nan
3.14,3.13,-7.43,882.32,2.50,nan
3.14,3.12,-7.27,613.32,2.50,nan
3.14,3.13,-7.10,338.94,2.52,nan
3.14,3.13,-6.79,131.81,2.49,nan
3.14,3.13,-6.52,-29.59,2.53,nan
3.14,3.13,-6.09,-75.32,2.50,nan
3.14,3.14,-5.76,-107.60,2.49,nan
3.14,3.14,-5.42,-147.95,2.46,nan
3.14,3.14,-4.87,-118.36,2.50,nan
3.14,3.14,-4.29,-83.39,2.54,nan
3.14,3.14,-3.88,-32.28,2.46,nan
3.14,3.14,-3.31,-34.97,2.50,nan
3.14,3.14,-2.93,0.00,2.51,nan
3.14,3.14,-2.40,10.76,2.50,nan
3.14,3.14,-2.11,8.07,2.51,nan
3.14,3.14,-1.70,0.00,2.49,nan
3.14,3.14,-1.49,0.00,2.55,nan
3.14,3.14,-1.20,0.00,2.48,nan
3.14,3.14,-1.06,0.00,2.53,nan
3.14,3.14,-0.91,0.00,2.43,nan
3.14,3.14,-0.77,0.00,2.50,nan
3.14,3.14,-0.62,0.00,2.54,nan
3.14,3.14,-0.55,0.00,2.46,nan
3.14,3.14,-0.48,0.00,2.55,nan
3.14,3.14,-0.41,0.00,2.48,nan
3.14,3.14,-0.36,0.00,2.50,nan
3.14,3.14,-0.31,0.00,2.52,nan
3.14,3.14,-0.26,0.00,2.46,nan
3.14,3.14,-0.22,0.00,2.56,nan
3.14,3.14,-0.19,0.00,2.45,nan
3.14,3.14,-0.17,0.00,2.55,nan
3.14,3.14,-0.14,0.00,2.49,nan
3.14,3.14,-0.12,0.00,2.50,nan
3.14,3.14,-0.10,0.00,2.46,nan
3.14,3.14,-0.07,0.00,2.50,nan
3.14,3.14,-0.07,0.00,2.50,nan
3.14,3.14,-0.05,0.00,2.51,nan
3.14,3.14,-0.05,0.00,2.53,nan
3.14,3.14,-0.05,0.00,2.46,nan
3.14,3.14,-0.02,0.00,2.50,nan
3.14,3.14,-0.02,0.00,2.52,nan
3.14,3.14,-0.02,10.76,2.51,nan
3.14,3.14,-0.02,0.00,2.49,nan
3.14,3.14,-0.02,0.00,2.47,nan
3.14,3.14,0.00,0.00,2.50,nan
3.14,3.14,0.00,0.00,2.51,nan
3.14,3.14,0.00,0.00,2.53,nan
3.14,3.14,0.00,0.00,2.50,nan
3.14,3.14,0.00,0.00,2.46,nan
3.14,3.14,0.00,0.00,2.51,nan
3.14,3.14,0.00,0.00,2.54,nan
3.14,3.14,0.00,0.00,2.46,nan
3.14,3.14,0.00,0.00,2.53,nan
3.14,3.14,0.00,0.00,2.51,nan
3.14,3.14,0.00,0.00,2.49,nan
3.14,3.14,0.00,0.00,2.51,nan
3.14,3.14,0.00,0.00,2.46,nan
3.14,3.14,0.00,0.00,2.53,nan
3.14,3.14,0.00,0.00,2.50,nan
3.14,3.14,0.00,0.00,2.47,nan
3.14,3.14,0.00,0.00,2.53,nan
3.14,3.14,0.00,0.00,2.47,nan
3.14,3.14,0.00,0.00,2.49,nan
3.14,3.14,0.00,0.00,2.52,nan
3.14,3.14,0.00,0.00,2.50,nan
3.14,3.14,0.00,0.00,2.47,nan
3.14,3.14,0.00,0.00,2.53,nan
3.14,3.14,0.00,0.00,2.47,nan
3.14,3.14,0.00,0.00,2.52,nan
3.14,3.14,0.00,0.00,2.57,nan
3.14,3.14,0.00,0.00,2.43,nan
3.14,3.14,0.00,0.00,2.51,nan
3.14,3.14,0.00,0.00,2.50,nan
3.14,3.14,0.00,0.00,2.50,nan
3.14,3.14,0.00,0.00,2.49,nan
3.14,3.14,0.00,0.00,2.55,nan
3.14,3.14,0.00,0.00,2.46,nan
3.14,3.14,0.00,0.00,2.50,nan
3.14,3.14,0.00,0.00,2.50,nan
3.14,3.14,0.00,8.07,2.50,nan
3.14,3.14,0.00,0.00,2.59,nan
3.14,3.14,0.00,0.00,2.40,nan
3.14,3.14,0.00,0.00,2.48,nan
3.14,3.14,0.00,0.00,2.50,nan
3.14,3.14,0.00,0.00,2.53,nan
3.14,3.14,0.00,0.00,2.51,nan
3.14,3.14,0.00,0.00,2.49,nan
3.14,3.14,0.00,0.00,2.48,nan
3.14,3.14,0.00,-8.07,2.52,nan
3.14,3.14,0.00,0.00,2.50,nan
3.14,3.14,0.00,0.00,2.50,nan
3.14,3.14,0.00,-18.83,2.48,nan
3.14,3.14,0.00,-2.69,2.51,nan
3.14,3.14,0.00,2.69,2.52,nan
3.14,3.14,0.00,0.00,2.50,nan
3.14,3.14,0.00,0.00,2.48,nan
3.14,3.14,0.00,0.00,2.57,nan
3.14,3.14,0.00,0.00,2.40,nan
3.14,3.14,0.00,0.00,2.54,nan
3.14,3.14,0.00,0.00,2.46,nan
3.14,3.14,0.00,0.00,2.52,nan
3.14,3.14,0.00,0.00,2.49,nan
3.14,3.14,0.00,0.00,2.49,nan
3.14,3.14,0.00,0.00,2.51,nan
3.14,3.14,0.00,0.00,2.53,nan
3.14,3.14,0.00,0.00,2.47,nan
3.14,3.14,0.00,0.00,2.54,nan
3.14,3.14,0.00,0.00,2.43,nan
3.14,3.14,0.00,0.00,2.52,nan
3.14,3.14,0.00,0.00,2.48,nan
3.14,3.14,0.00,0.00,2.52,nan
3.14,3.14,0.00,0.00,2.50,nan
3.14,3.14,0.00,0.00,2.50,nan
